id_pedido,id_fornecedor,id_categoria,data_pedido,centro,valor_total,status,contrato_id
PC000001,FOR0003,CAT01,2026-06-01,Mina Sul,181016.95,Aprovado,CT007
PC000002,FOR0001,CAT01,2025-08-15,Mina Sul,453033.7,Recebido,CT006
PC000003,FOR0034,CAT04,2026-02-25,Mina Central,327917.14,Recebido,
PC000004,FOR0016,CAT07,2026-04-12,Mina Norte,244433.45,Recebido,
PC000005,FOR0047,CAT07,2025-12-06,Mina Central,504326.53,Aprovado,CT013
PC000006,FOR0018,CAT07,2026-02-19,Mina Oeste,285094.39,Recebido,
PC000007,FOR0011,CAT03,2025-08-13,Mina Central,90684.28,Recebido,CT009
PC000008,FOR0055,CAT10,2026-03-16,Mina Central,5874988.57,Cancelado,CT004
PC000009,FOR0050,CAT08,2026-06-16,Mina Oeste,1592049.31,Recebido,
PC000010,FOR0002,CAT01,2026-03-30,Terminal Portuário,671201.8,Aprovado,CT003
PC000011,FOR0033,CAT12,2025-12-23,Mina Norte,295880.81,Aprovado,CT008
PC000012,FOR0040,CAT09,2025-08-19,Mina Leste,281263.68,Recebido,CT002
PC000013,FOR0005,CAT03,2025-10-22,Mina Norte,265976.88,Aprovado,CT022
PC000014,FOR0035,CAT02,2026-06-08,Mina Central,28723.36,Aprovado,CT023
PC000015,FOR0005,CAT04,2025-07-28,Mina Central,23112.0,Aberto,CT022
PC000016,FOR0059,CAT05,2026-02-01,Mina Norte,300920.36,Aberto,
PC000017,FOR0039,CAT06,2026-06-01,Mina Oeste,78418.69,Recebido,
PC000018,FOR0002,CAT01,2025-07-10,Mina Central,750201.27,Recebido,CT003
PC000019,FOR0004,CAT01,2026-05-19,Mina Leste,1213058.96,Recebido,CT025
PC000020,FOR0035,CAT02,2025-09-06,Mina Leste,482134.06,Recebido,CT023
PC000021,FOR0023,CAT04,2026-01-05,Terminal Portuário,32737.14,Cancelado,CT018
PC000022,FOR0040,CAT05,2026-01-17,Mina Sul,100902.44,Recebido,CT002
PC000023,FOR0003,CAT01,2025-12-05,Mina Central,740413.1,Recebido,CT007
PC000024,FOR0033,CAT12,2026-02-12,Mina Norte,291525.6,Aprovado,CT008
PC000025,FOR0034,CAT04,2026-06-10,Mina Central,80985.76,Aprovado,CT010
PC000026,FOR0024,CAT06,2026-05-09,Terminal Portuário,556366.89,Aberto,CT016
PC000027,FOR0057,CAT09,2025-11-08,Mina Central,292431.08,Recebido,CT015
PC000028,FOR0052,CAT06,2026-02-09,Terminal Portuário,203325.56,Recebido,
PC000029,FOR0029,CAT02,2025-12-06,Mina Sul,66559.46,Cancelado,CT027
PC000030,FOR0057,CAT05,2025-08-10,Mina Oeste,36172.96,Aprovado,CT015
PC000031,FOR0004,CAT01,2025-12-22,Mina Central,440779.93,Aberto,CT025
PC000032,FOR0032,CAT02,2025-10-21,Mina Norte,163684.74,Recebido,CT028
PC000033,FOR0046,CAT04,2026-03-06,Mina Oeste,36844.39,Aprovado,CT024
PC000034,FOR0003,CAT01,2025-10-10,Mina Sul,786414.83,Recebido,CT007
PC000035,FOR0026,CAT03,2026-06-08,Mina Norte,35387.2,Cancelado,
PC000036,FOR0001,CAT01,2026-03-08,Terminal Portuário,302178.11,Aprovado,CT006
PC000037,FOR0023,CAT06,2026-05-06,Terminal Portuário,64992.0,Recebido,
PC000038,FOR0005,CAT05,2026-05-12,Mina Norte,361592.24,Cancelado,CT022
PC000039,FOR0049,CAT02,2025-11-08,Mina Oeste,167665.32,Aprovado,CT014
PC000040,FOR0004,CAT01,2025-12-20,Terminal Portuário,648150.07,Aberto,CT025
PC000041,FOR0001,CAT01,2026-03-20,Mina Central,827904.9,Recebido,CT006
PC000042,FOR0042,CAT04,2025-07-30,Terminal Portuário,7705.32,Aprovado,
PC000043,FOR0049,CAT02,2026-02-07,Mina Oeste,409627.09,Cancelado,
PC000044,FOR0024,CAT06,2025-07-25,Mina Oeste,257223.18,Aprovado,CT016
PC000045,FOR0046,CAT10,2025-08-08,Mina Leste,4592055.5,Recebido,CT024
PC000046,FOR0034,CAT04,2025-08-28,Mina Sul,242228.88,Recebido,CT010
PC000047,FOR0050,CAT08,2026-03-22,Mina Leste,966165.81,Aprovado,
PC000048,FOR0005,CAT08,2025-08-24,Mina Sul,1708302.0,Aprovado,CT022
PC000049,FOR0010,CAT02,2025-07-06,Mina Norte,276946.7,Aprovado,
PC000050,FOR0036,CAT06,2025-10-21,Mina Norte,270700.07,Aprovado,CT026
PC000051,FOR0019,CAT10,2026-01-07,Mina Norte,6233152.02,Recebido,CT020
PC000052,FOR0017,CAT12,2025-07-24,Mina Leste,393225.34,Recebido,
PC000053,FOR0002,CAT01,2026-06-11,Mina Oeste,741840.69,Recebido,CT003
PC000054,FOR0049,CAT02,2025-09-03,Terminal Portuário,363034.51,Recebido,CT014
PC000055,FOR0002,CAT01,2025-07-05,Mina Leste,738275.0,Recebido,CT003
PC000056,FOR0008,CAT04,2026-05-29,Mina Norte,159697.73,Aprovado,
PC000057,FOR0034,CAT12,2026-03-18,Mina Leste,235198.55,Recebido,CT010
PC000058,FOR0006,CAT05,2025-10-28,Mina Oeste,791663.17,Aprovado,CT011
PC000059,FOR0019,CAT10,2025-11-21,Terminal Portuário,6466410.0,Recebido,CT020
PC000060,FOR0004,CAT01,2025-09-11,Mina Oeste,316205.51,Recebido,CT025
PC000061,FOR0001,CAT01,2025-07-18,Mina Sul,647858.16,Recebido,CT006
PC000062,FOR0047,CAT05,2026-04-21,Mina Oeste,1074728.45,Aprovado,CT013
PC000063,FOR0020,CAT02,2026-06-09,Mina Oeste,51574.26,Recebido,
PC000064,FOR0051,CAT10,2026-03-18,Mina Sul,3513084.49,Recebido,
PC000065,FOR0023,CAT04,2025-11-16,Mina Norte,331734.31,Cancelado,CT018
PC000066,FOR0011,CAT10,2025-10-15,Mina Norte,3845315.67,Recebido,CT009
PC000067,FOR0003,CAT01,2025-10-18,Terminal Portuário,493880.65,Recebido,
PC000068,FOR0058,CAT10,2025-07-11,Mina Oeste,1699090.04,Aberto,CT030
PC000069,FOR0022,CAT07,2026-02-21,Mina Sul,782060.83,Aprovado,
PC000070,FOR0004,CAT01,2026-04-28,Terminal Portuário,396605.72,Recebido,CT025
PC000071,FOR0023,CAT04,2026-01-20,Mina Norte,270745.59,Recebido,CT018
PC000072,FOR0034,CAT04,2026-05-16,Terminal Portuário,129227.6,Cancelado,CT010
PC000073,FOR0059,CAT05,2025-11-10,Terminal Portuário,389223.87,Aprovado,CT029
PC000074,FOR0005,CAT03,2025-07-20,Mina Central,51393.72,Aberto,CT022
PC000075,FOR0037,CAT03,2026-03-24,Mina Sul,374528.71,Recebido,
PC000076,FOR0052,CAT06,2025-10-24,Mina Central,80442.45,Aprovado,
PC000077,FOR0055,CAT04,2026-04-27,Mina Leste,263160.0,Recebido,
PC000078,FOR0004,CAT01,2025-10-25,Terminal Portuário,533531.71,Recebido,CT025
PC000079,FOR0004,CAT12,2025-06-26,Mina Leste,268225.37,Aprovado,CT025
PC000080,FOR0005,CAT08,2026-03-23,Mina Norte,24091.38,Cancelado,CT022
PC000081,FOR0049,CAT03,2025-11-05,Mina Norte,19676.84,Recebido,CT014
PC000082,FOR0028,CAT08,2026-04-07,Mina Norte,939533.77,Cancelado,CT019
PC000083,FOR0015,CAT08,2026-06-09,Mina Oeste,1874360.79,Recebido,
PC000084,FOR0055,CAT04,2026-05-26,Mina Oeste,132670.33,Recebido,CT004
PC000085,FOR0002,CAT01,2026-01-05,Mina Leste,402618.34,Aberto,CT003
PC000086,FOR0059,CAT05,2025-12-07,Mina Leste,913709.2,Recebido,CT029
PC000087,FOR0039,CAT06,2025-08-19,Mina Sul,227476.75,Cancelado,
PC000088,FOR0005,CAT01,2026-01-24,Mina Norte,514578.56,Recebido,CT022
PC000089,FOR0028,CAT08,2025-10-13,Mina Leste,1196080.45,Recebido,CT019
PC000090,FOR0035,CAT02,2025-09-02,Mina Central,35308.56,Aprovado,CT023
PC000091,FOR0024,CAT06,2025-09-25,Mina Leste,341690.66,Recebido,CT016
PC000092,FOR0057,CAT09,2026-05-02,Terminal Portuário,1085069.01,Recebido,
PC000093,FOR0001,CAT01,2025-08-30,Mina Leste,710149.0,Aprovado,CT006
PC000094,FOR0024,CAT06,2025-12-26,Mina Norte,387535.03,Recebido,CT016
PC000095,FOR0003,CAT02,2026-05-03,Mina Sul,170806.02,Aberto,CT007
PC000096,FOR0037,CAT03,2026-05-23,Mina Sul,150528.2,Aberto,
PC000097,FOR0054,CAT02,2026-02-11,Terminal Portuário,325119.71,Recebido,
PC000098,FOR0023,CAT04,2025-07-16,Terminal Portuário,43278.51,Aberto,CT018
PC000099,FOR0055,CAT03,2026-01-27,Terminal Portuário,117906.36,Recebido,CT004
PC000100,FOR0002,CAT01,2026-05-16,Mina Sul,219312.36,Cancelado,CT003
PC000101,FOR0001,CAT01,2026-04-29,Terminal Portuário,947135.79,Aprovado,CT006
PC000102,FOR0003,CAT01,2025-06-30,Mina Norte,592507.86,Recebido,CT007
PC000103,FOR0040,CAT07,2025-07-20,Terminal Portuário,732000.89,Aprovado,CT002
PC000104,FOR0045,CAT10,2025-07-07,Mina Leste,3058901.92,Aprovado,CT001
PC000105,FOR0035,CAT11,2025-07-10,Terminal Portuário,302250.57,Recebido,CT023
PC000106,FOR0006,CAT05,2025-12-06,Mina Leste,209979.54,Aberto,CT011
PC000107,FOR0002,CAT01,2025-06-22,Mina Leste,553405.5,Recebido,CT003
PC000108,FOR0007,CAT09,2026-06-15,Mina Leste,222091.91,Recebido,
PC000109,FOR0055,CAT04,2025-11-18,Mina Central,70606.54,Aprovado,CT004
PC000110,FOR0029,CAT02,2026-06-17,Mina Norte,133203.27,Recebido,CT027
PC000111,FOR0010,CAT07,2025-10-27,Mina Norte,264905.95,Aberto,
PC000112,FOR0045,CAT10,2025-10-01,Mina Leste,3129559.07,Cancelado,CT001
PC000113,FOR0032,CAT06,2026-03-03,Terminal Portuário,10809.24,Aberto,CT028
PC000114,FOR0058,CAT10,2026-06-22,Mina Oeste,2478861.4,Recebido,CT030
PC000115,FOR0028,CAT08,2026-03-22,Terminal Portuário,397930.86,Recebido,CT019
PC000116,FOR0002,CAT01,2025-11-27,Mina Norte,324263.19,Aprovado,CT003
PC000117,FOR0002,CAT01,2026-01-31,Mina Leste,669443.22,Recebido,CT003
PC000118,FOR0023,CAT04,2026-01-08,Mina Oeste,78095.2,Recebido,CT018
PC000119,FOR0003,CAT01,2025-12-18,Mina Norte,584293.92,Aprovado,
PC000120,FOR0057,CAT09,2025-08-08,Mina Oeste,1028910.02,Aprovado,CT015
PC000121,FOR0028,CAT03,2025-08-10,Mina Sul,250205.08,Aberto,
PC000122,FOR0031,CAT05,2026-03-26,Mina Oeste,576255.09,Recebido,
PC000123,FOR0047,CAT07,2026-04-02,Mina Central,918015.17,Recebido,CT013
PC000124,FOR0058,CAT12,2025-08-15,Mina Norte,65790.84,Recebido,CT030
PC000125,FOR0057,CAT09,2025-11-28,Mina Leste,759280.8,Aprovado,
PC000126,FOR0032,CAT10,2025-07-06,Mina Sul,5238669.38,Aprovado,CT028
PC000127,FOR0057,CAT09,2026-04-18,Mina Central,163174.78,Recebido,CT015
PC000128,FOR0048,CAT02,2026-02-19,Terminal Portuário,97972.84,Cancelado,
PC000129,FOR0015,CAT08,2026-04-05,Mina Oeste,2219596.55,Recebido,
PC000130,FOR0024,CAT06,2025-11-20,Mina Leste,133408.9,Aprovado,CT016
PC000131,FOR0038,CAT04,2025-08-06,Mina Sul,334015.76,Aprovado,
PC000132,FOR0036,CAT06,2026-02-26,Mina Sul,261204.7,Aprovado,CT026
PC000133,FOR0057,CAT09,2026-01-04,Mina Central,861959.03,Recebido,CT015
PC000134,FOR0020,CAT08,2026-03-22,Mina Oeste,3144996.75,Recebido,
PC000135,FOR0044,CAT01,2025-11-13,Mina Norte,812036.92,Aberto,CT021
PC000136,FOR0004,CAT01,2025-08-12,Terminal Portuário,444730.04,Cancelado,CT025
PC000137,FOR0019,CAT10,2026-06-03,Terminal Portuário,1092084.67,Aprovado,
PC000138,FOR0001,CAT01,2025-08-14,Mina Oeste,586359.15,Recebido,CT006
PC000139,FOR0057,CAT09,2026-04-13,Mina Sul,563773.78,Recebido,CT015
PC000140,FOR0006,CAT05,2025-07-17,Mina Oeste,734999.43,Recebido,CT011
PC000141,FOR0033,CAT12,2026-04-25,Terminal Portuário,304595.69,Recebido,CT008
PC000142,FOR0055,CAT04,2025-09-30,Mina Leste,215755.8,Aprovado,CT004
PC000143,FOR0013,CAT11,2026-02-07,Mina Oeste,23094.66,Recebido,
PC000144,FOR0024,CAT06,2025-08-31,Terminal Portuário,661659.73,Recebido,CT016
PC000145,FOR0029,CAT02,2025-06-28,Mina Norte,601723.66,Recebido,CT027
PC000146,FOR0040,CAT05,2025-10-21,Terminal Portuário,804760.35,Recebido,CT002
PC000147,FOR0058,CAT10,2025-11-19,Terminal Portuário,4027775.43,Recebido,CT030
PC000148,FOR0002,CAT01,2025-09-11,Mina Oeste,661336.63,Recebido,
PC000149,FOR0059,CAT05,2025-07-12,Mina Central,669846.74,Recebido,CT029
PC000150,FOR0008,CAT04,2026-01-30,Mina Norte,248478.11,Recebido,
PC000151,FOR0057,CAT09,2025-10-16,Mina Leste,13151.66,Cancelado,CT015
PC000152,FOR0049,CAT02,2025-07-15,Mina Norte,14859.45,Recebido,CT014
PC000153,FOR0034,CAT05,2025-06-27,Mina Oeste,556760.35,Recebido,CT010
PC000154,FOR0001,CAT01,2025-10-13,Mina Central,495096.95,Recebido,CT006
PC000155,FOR0036,CAT06,2026-01-27,Mina Central,281912.58,Aprovado,CT026
PC000156,FOR0046,CAT04,2025-09-30,Terminal Portuário,80641.87,Aprovado,CT024
PC000157,FOR0001,CAT01,2025-11-17,Mina Oeste,639827.57,Aberto,
PC000158,FOR0014,CAT06,2025-08-13,Mina Oeste,330693.81,Recebido,CT017
PC000159,FOR0046,CAT04,2026-03-12,Mina Sul,128979.33,Recebido,CT024
PC000160,FOR0019,CAT10,2025-10-24,Mina Oeste,2642133.8,Aberto,CT020
PC000161,FOR0014,CAT06,2026-04-06,Terminal Portuário,13316.15,Recebido,CT017
PC000162,FOR0006,CAT05,2026-03-21,Mina Norte,949177.27,Recebido,
PC000163,FOR0002,CAT01,2025-12-18,Terminal Portuário,392467.6,Recebido,
PC000164,FOR0037,CAT03,2026-04-13,Mina Oeste,154898.22,Recebido,
PC000165,FOR0002,CAT01,2026-01-11,Terminal Portuário,609110.54,Recebido,CT003
PC000166,FOR0002,CAT01,2025-10-13,Mina Oeste,482324.16,Recebido,CT003
PC000167,FOR0004,CAT01,2025-08-05,Mina Leste,238814.6,Cancelado,
PC000168,FOR0028,CAT08,2025-12-17,Mina Central,110920.2,Aprovado,CT019
PC000169,FOR0030,CAT10,2025-11-19,Mina Norte,589086.84,Aprovado,
PC000170,FOR0057,CAT09,2026-06-01,Mina Central,1005281.84,Recebido,
PC000171,FOR0002,CAT01,2025-06-25,Mina Oeste,601995.1,Recebido,CT003
PC000172,FOR0024,CAT06,2026-02-12,Mina Norte,457670.19,Aprovado,
PC000173,FOR0002,CAT01,2025-11-07,Mina Oeste,614745.12,Recebido,CT003
PC000174,FOR0022,CAT12,2025-11-02,Mina Oeste,487616.29,Recebido,CT005
PC000175,FOR0023,CAT04,2026-05-20,Mina Sul,58950.99,Recebido,
PC000176,FOR0006,CAT05,2025-12-24,Mina Oeste,428612.97,Recebido,CT011
PC000177,FOR0001,CAT03,2025-09-09,Mina Leste,173628.62,Aberto,CT006
PC000178,FOR0034,CAT04,2026-03-29,Terminal Portuário,155730.39,Recebido,CT010
PC000179,FOR0057,CAT09,2025-06-25,Mina Sul,763123.5,Recebido,CT015
PC000180,FOR0047,CAT05,2025-07-17,Mina Norte,517454.25,Cancelado,CT013
PC000181,FOR0011,CAT10,2025-11-28,Mina Leste,172289.19,Recebido,CT009
PC000182,FOR0036,CAT06,2025-08-23,Terminal Portuário,59957.02,Cancelado,CT026
PC000183,FOR0029,CAT02,2026-02-19,Mina Central,52402.64,Recebido,
PC000184,FOR0046,CAT04,2025-06-26,Mina Oeste,116026.32,Cancelado,CT024
PC000185,FOR0019,CAT10,2025-08-25,Mina Central,1101171.32,Recebido,CT020
PC000186,FOR0049,CAT02,2025-09-12,Mina Sul,446249.6,Aberto,
PC000187,FOR0035,CAT02,2025-12-25,Mina Sul,162895.81,Recebido,
PC000188,FOR0023,CAT04,2025-07-28,Mina Sul,136922.75,Aberto,CT018
PC000189,FOR0054,CAT02,2026-06-19,Mina Oeste,92057.34,Aberto,
PC000190,FOR0002,CAT02,2026-03-22,Mina Leste,541962.17,Cancelado,CT003
PC000191,FOR0036,CAT06,2025-11-14,Mina Oeste,268380.73,Recebido,
PC000192,FOR0003,CAT01,2025-12-05,Mina Sul,477804.57,Recebido,CT007
PC000193,FOR0045,CAT10,2025-08-01,Mina Central,2098026.33,Recebido,
PC000194,FOR0027,CAT02,2025-12-06,Mina Sul,210242.18,Recebido,
PC000195,FOR0047,CAT10,2026-01-12,Terminal Portuário,2115523.8,Recebido,CT013
PC000196,FOR0002,CAT01,2026-02-02,Mina Sul,657140.86,Aberto,CT003
PC000197,FOR0004,CAT01,2025-06-29,Mina Norte,21004.25,Aprovado,CT025
PC000198,FOR0006,CAT05,2025-10-30,Mina Central,625929.28,Aprovado,CT011
PC000199,FOR0011,CAT10,2025-08-16,Terminal Portuário,1818803.9,Aberto,CT009
PC000200,FOR0033,CAT02,2026-06-07,Terminal Portuário,341643.9,Recebido,
PC000201,FOR0033,CAT12,2026-04-02,Mina Sul,233101.5,Cancelado,
PC000202,FOR0043,CAT11,2025-08-30,Mina Sul,751180.44,Recebido,
PC000203,FOR0001,CAT01,2025-11-09,Mina Sul,660961.14,Aprovado,CT006
PC000204,FOR0002,CAT01,2025-10-15,Mina Norte,348232.89,Aberto,CT003
PC000205,FOR0015,CAT08,2026-01-26,Mina Norte,1061103.51,Recebido,
PC000206,FOR0047,CAT05,2026-01-24,Mina Norte,1522051.82,Aprovado,
PC000207,FOR0030,CAT08,2025-08-30,Mina Central,490910.16,Recebido,
PC000208,FOR0028,CAT04,2025-08-24,Terminal Portuário,17799.24,Aberto,CT019
PC000209,FOR0014,CAT06,2026-05-06,Mina Norte,341088.45,Recebido,CT017
PC000210,FOR0035,CAT10,2026-05-29,Mina Oeste,3539363.21,Recebido,
PC000211,FOR0004,CAT01,2025-08-08,Mina Central,321832.53,Recebido,
PC000212,FOR0002,CAT09,2026-06-09,Terminal Portuário,959472.72,Recebido,CT003
PC000213,FOR0006,CAT05,2025-06-22,Mina Leste,468548.04,Aberto,CT011
PC000214,FOR0032,CAT10,2025-09-29,Mina Central,3727989.84,Aprovado,CT028
PC000215,FOR0024,CAT11,2025-07-25,Mina Central,538501.45,Cancelado,CT016
PC000216,FOR0047,CAT05,2026-03-05,Mina Central,1303376.29,Aprovado,CT013
PC000217,FOR0034,CAT04,2026-06-08,Mina Norte,246862.84,Recebido,
PC000218,FOR0007,CAT09,2026-04-04,Mina Sul,134370.04,Recebido,
PC000219,FOR0011,CAT10,2025-08-01,Mina Leste,4222540.16,Cancelado,CT009
PC000220,FOR0036,CAT08,2026-02-13,Mina Central,813499.18,Recebido,CT026
PC000221,FOR0022,CAT07,2026-01-13,Mina Sul,194609.31,Recebido,CT005
PC000222,FOR0024,CAT06,2026-02-26,Mina Oeste,246117.51,Aberto,CT016
PC000223,FOR0029,CAT02,2026-02-05,Terminal Portuário,397815.83,Aprovado,CT027
PC000224,FOR0036,CAT05,2025-07-07,Terminal Portuário,493486.66,Aprovado,CT026
PC000225,FOR0035,CAT02,2025-08-04,Mina Leste,536794.38,Aberto,CT023
PC000226,FOR0045,CAT10,2026-06-17,Mina Oeste,5765527.63,Recebido,
PC000227,FOR0022,CAT07,2025-07-10,Mina Oeste,741550.76,Recebido,CT005
PC000228,FOR0037,CAT03,2026-05-25,Mina Sul,55229.25,Recebido,
PC000229,FOR0032,CAT10,2025-10-19,Terminal Portuário,6224636.53,Recebido,
PC000230,FOR0014,CAT01,2026-04-19,Mina Oeste,805292.3,Recebido,CT017
PC000231,FOR0001,CAT01,2025-12-18,Mina Central,16666.16,Aprovado,CT006
PC000232,FOR0019,CAT10,2026-01-06,Mina Norte,4371694.2,Aprovado,CT020
PC000233,FOR0012,CAT06,2025-07-11,Mina Central,222880.44,Recebido,
PC000234,FOR0047,CAT05,2026-03-22,Mina Central,515309.83,Recebido,CT013
PC000235,FOR0004,CAT01,2026-04-21,Mina Leste,871264.91,Aprovado,
PC000236,FOR0003,CAT01,2026-03-23,Mina Oeste,276697.18,Aberto,CT007
PC000237,FOR0046,CAT04,2026-01-26,Terminal Portuário,202286.05,Aprovado,CT024
PC000238,FOR0005,CAT03,2026-05-11,Mina Sul,73959.43,Recebido,CT022
PC000239,FOR0004,CAT01,2025-10-22,Mina Oeste,221644.93,Cancelado,CT025
PC000240,FOR0035,CAT02,2025-09-29,Mina Sul,156380.88,Aberto,CT023
PC000241,FOR0031,CAT04,2025-07-14,Mina Norte,130651.6,Aberto,
PC000242,FOR0036,CAT06,2026-06-03,Mina Sul,58922.5,Recebido,CT026
PC000243,FOR0055,CAT04,2026-01-06,Mina Leste,122913.8,Recebido,CT004
PC000244,FOR0011,CAT10,2026-02-11,Mina Central,2076637.44,Recebido,CT009
PC000245,FOR0001,CAT11,2026-03-20,Terminal Portuário,556628.85,Recebido,CT006
PC000246,FOR0033,CAT12,2026-05-09,Terminal Portuário,210948.22,Aberto,CT008
PC000247,FOR0049,CAT12,2025-07-18,Mina Central,357055.1,Aberto,CT014
PC000248,FOR0027,CAT04,2026-03-21,Mina Oeste,249581.3,Recebido,CT012
PC000249,FOR0027,CAT12,2025-10-04,Terminal Portuário,56576.12,Recebido,CT012
PC000250,FOR0004,CAT01,2026-02-25,Terminal Portuário,428786.38,Recebido,
PC000251,FOR0057,CAT09,2025-09-12,Mina Norte,296021.39,Aprovado,CT015
PC000252,FOR0057,CAT09,2025-07-04,Mina Leste,714346.26,Recebido,CT015
PC000253,FOR0060,CAT07,2026-05-29,Mina Oeste,205776.78,Aberto,
PC000254,FOR0022,CAT07,2025-09-29,Mina Oeste,695740.61,Recebido,
PC000255,FOR0059,CAT05,2025-09-01,Mina Oeste,520623.22,Recebido,
PC000256,FOR0002,CAT01,2025-08-24,Mina Central,804389.44,Recebido,CT003
PC000257,FOR0035,CAT02,2026-04-15,Mina Leste,70135.9,Recebido,CT023
PC000258,FOR0024,CAT02,2026-03-27,Mina Central,304768.0,Aprovado,CT016
PC000259,FOR0034,CAT04,2025-11-13,Mina Leste,58496.1,Recebido,CT010
PC000260,FOR0011,CAT10,2026-06-16,Mina Norte,4075910.04,Recebido,
PC000261,FOR0008,CAT01,2025-07-31,Mina Leste,339984.45,Aberto,
PC000262,FOR0055,CAT04,2025-09-12,Terminal Portuário,177224.2,Recebido,CT004
PC000263,FOR0002,CAT01,2025-08-17,Mina Leste,751556.86,Recebido,CT003
PC000264,FOR0036,CAT06,2026-06-08,Mina Leste,49259.1,Cancelado,
PC000265,FOR0032,CAT10,2025-08-23,Mina Leste,4003993.96,Aprovado,CT028
PC000266,FOR0035,CAT10,2026-01-03,Mina Central,4144569.18,Recebido,CT023
PC000267,FOR0055,CAT11,2026-06-18,Mina Leste,596813.63,Aprovado,CT004
PC000268,FOR0004,CAT01,2025-12-18,Mina Sul,1093914.01,Aberto,CT025
PC000269,FOR0028,CAT08,2026-04-10,Mina Oeste,1040420.07,Recebido,CT019
PC000270,FOR0004,CAT01,2026-02-20,Mina Central,740896.7,Recebido,CT025
PC000271,FOR0034,CAT04,2026-03-21,Mina Leste,319666.52,Recebido,CT010
PC000272,FOR0004,CAT01,2025-10-31,Mina Sul,535601.8,Recebido,
PC000273,FOR0003,CAT01,2026-01-16,Terminal Portuário,539438.41,Recebido,CT007
PC000274,FOR0029,CAT02,2025-11-29,Mina Oeste,98932.28,Aprovado,CT027
PC000275,FOR0048,CAT03,2025-11-26,Mina Oeste,244855.52,Aberto,
PC000276,FOR0001,CAT01,2025-11-09,Mina Leste,1145590.45,Recebido,CT006
PC000277,FOR0029,CAT02,2026-03-29,Mina Leste,56012.16,Recebido,CT027
PC000278,FOR0042,CAT05,2025-11-13,Mina Leste,787923.05,Aprovado,
PC000279,FOR0047,CAT10,2026-02-13,Terminal Portuário,1197644.79,Aprovado,CT013
PC000280,FOR0019,CAT10,2025-08-21,Mina Sul,3275275.22,Aprovado,CT020
PC000281,FOR0051,CAT05,2025-08-29,Terminal Portuário,754314.65,Recebido,
PC000282,FOR0047,CAT05,2025-12-20,Terminal Portuário,49909.1,Cancelado,CT013
PC000283,FOR0046,CAT01,2025-11-04,Mina Leste,657636.28,Recebido,CT024
PC000284,FOR0024,CAT03,2025-09-13,Mina Leste,8014.66,Recebido,CT016
PC000285,FOR0004,CAT01,2025-08-23,Mina Oeste,741967.68,Recebido,CT025
PC000286,FOR0006,CAT05,2025-07-28,Mina Oeste,1488812.18,Recebido,CT011
PC000287,FOR0001,CAT01,2026-05-19,Terminal Portuário,45973.54,Recebido,CT006
PC000288,FOR0036,CAT06,2026-03-18,Mina Oeste,231953.56,Recebido,CT026
PC000289,FOR0004,CAT01,2026-04-09,Mina Central,405366.18,Recebido,CT025
PC000290,FOR0014,CAT06,2025-11-04,Mina Sul,114034.43,Aprovado,CT017
PC000291,FOR0019,CAT10,2025-08-05,Mina Norte,6918691.49,Aberto,CT020
PC000292,FOR0045,CAT01,2025-07-03,Mina Sul,402079.44,Aberto,
PC000293,FOR0024,CAT06,2026-03-19,Mina Oeste,356035.33,Aberto,CT016
PC000294,FOR0059,CAT05,2025-07-02,Terminal Portuário,264858.32,Aprovado,CT029
PC000295,FOR0033,CAT12,2025-12-22,Mina Central,461955.28,Recebido,CT008
PC000296,FOR0032,CAT01,2026-05-30,Mina Norte,715980.13,Aberto,CT028
PC000297,FOR0057,CAT02,2025-10-25,Mina Leste,609719.67,Recebido,CT015
PC000298,FOR0002,CAT01,2026-03-13,Mina Norte,597243.8,Cancelado,CT003
PC000299,FOR0004,CAT01,2026-05-07,Terminal Portuário,657973.3,Recebido,CT025
PC000300,FOR0036,CAT07,2025-10-23,Mina Central,116641.88,Recebido,CT026
PC000301,FOR0008,CAT04,2026-06-22,Terminal Portuário,123207.75,Recebido,
PC000302,FOR0015,CAT08,2026-01-18,Mina Norte,2320295.9,Aberto,
PC000303,FOR0003,CAT01,2025-12-28,Mina Norte,1233377.24,Cancelado,CT007
PC000304,FOR0055,CAT04,2025-11-19,Mina Sul,14248.88,Recebido,CT004
PC000305,FOR0004,CAT01,2026-04-28,Mina Sul,731388.43,Aberto,CT025
PC000306,FOR0057,CAT09,2026-05-10,Terminal Portuário,527222.89,Recebido,CT015
PC000307,FOR0044,CAT05,2025-07-04,Mina Central,871905.52,Recebido,CT021
PC000308,FOR0055,CAT04,2026-06-22,Mina Leste,33667.58,Aberto,CT004
PC000309,FOR0002,CAT01,2026-04-08,Mina Norte,683823.16,Recebido,CT003
PC000310,FOR0036,CAT06,2025-06-22,Mina Leste,179184.45,Aberto,CT026
PC000311,FOR0005,CAT03,2026-04-02,Mina Leste,123751.58,Cancelado,CT022
PC000312,FOR0036,CAT06,2026-06-01,Mina Oeste,365712.95,Aprovado,CT026
PC000313,FOR0049,CAT02,2026-06-01,Mina Leste,204651.7,Aberto,
PC000314,FOR0001,CAT12,2025-11-12,Terminal Portuário,125897.04,Recebido,CT006
PC000315,FOR0019,CAT10,2025-11-11,Mina Leste,2225870.2,Recebido,CT020
PC000316,FOR0046,CAT04,2025-10-16,Terminal Portuário,15260.77,Recebido,CT024
PC000317,FOR0005,CAT03,2025-10-15,Mina Leste,120292.18,Cancelado,CT022
PC000318,FOR0013,CAT11,2026-04-25,Mina Norte,243765.48,Recebido,
PC000319,FOR0002,CAT01,2025-10-19,Terminal Portuário,309087.37,Recebido,CT003
PC000320,FOR0057,CAT10,2025-10-31,Mina Leste,6994465.08,Recebido,CT015
PC000321,FOR0033,CAT12,2025-11-28,Mina Oeste,61750.66,Recebido,CT008
PC000322,FOR0034,CAT04,2025-12-13,Mina Leste,119184.39,Aprovado,CT010
PC000323,FOR0039,CAT06,2025-07-29,Mina Oeste,274940.37,Recebido,
PC000324,FOR0003,CAT01,2025-09-20,Mina Norte,141926.9,Recebido,CT007
PC000325,FOR0002,CAT01,2026-01-27,Mina Sul,575862.26,Cancelado,CT003
PC000326,FOR0038,CAT04,2026-03-18,Terminal Portuário,140880.53,Recebido,
PC000327,FOR0028,CAT08,2025-10-30,Mina Sul,516022.18,Recebido,CT019
PC000328,FOR0014,CAT06,2025-10-16,Mina Norte,321962.04,Aberto,CT017
PC000329,FOR0006,CAT05,2026-01-15,Terminal Portuário,625997.56,Recebido,CT011
PC000330,FOR0002,CAT01,2025-09-01,Mina Sul,463143.78,Recebido,
PC000331,FOR0032,CAT06,2026-04-29,Mina Leste,118167.99,Recebido,
PC000332,FOR0047,CAT05,2025-07-05,Mina Norte,139873.69,Aprovado,CT013
PC000333,FOR0003,CAT01,2026-04-12,Mina Oeste,347385.79,Cancelado,CT007
PC000334,FOR0030,CAT06,2026-03-18,Mina Oeste,24400.34,Aprovado,
PC000335,FOR0028,CAT08,2026-06-14,Mina Leste,1526697.68,Recebido,CT019
PC000336,FOR0059,CAT05,2026-04-01,Mina Central,467867.94,Aberto,CT029
PC000337,FOR0001,CAT01,2025-07-01,Mina Sul,695840.44,Recebido,CT006
PC000338,FOR0047,CAT05,2026-01-01,Mina Sul,677703.5,Recebido,CT013
PC000339,FOR0002,CAT01,2026-05-28,Mina Sul,306308.82,Aprovado,CT003
PC000340,FOR0001,CAT01,2025-11-11,Mina Central,311284.64,Recebido,
PC000341,FOR0002,CAT01,2026-02-23,Mina Norte,779197.49,Aberto,CT003
PC000342,FOR0047,CAT05,2026-03-15,Mina Leste,1043494.16,Recebido,CT013
PC000343,FOR0045,CAT10,2025-07-27,Mina Norte,3078087.99,Cancelado,CT001
PC000344,FOR0003,CAT01,2026-02-23,Mina Leste,696884.87,Aberto,CT007
PC000345,FOR0058,CAT10,2025-07-28,Mina Norte,7087703.61,Recebido,CT030
PC000346,FOR0058,CAT10,2025-11-02,Terminal Portuário,8242361.14,Recebido,CT030
PC000347,FOR0002,CAT01,2025-10-29,Mina Oeste,151663.38,Recebido,CT003
PC000348,FOR0047,CAT05,2025-11-06,Terminal Portuário,66441.86,Recebido,CT013
PC000349,FOR0001,CAT01,2025-09-20,Terminal Portuário,268821.07,Recebido,CT006
PC000350,FOR0004,CAT01,2025-08-24,Mina Central,472051.45,Aprovado,CT025
PC000351,FOR0002,CAT01,2025-11-05,Mina Leste,252591.14,Cancelado,CT003
PC000352,FOR0006,CAT05,2026-03-20,Terminal Portuário,892312.49,Aprovado,CT011
PC000353,FOR0057,CAT09,2026-04-10,Terminal Portuário,864825.65,Recebido,CT015
PC000354,FOR0036,CAT06,2026-01-30,Mina Norte,159717.98,Cancelado,CT026
PC000355,FOR0058,CAT10,2025-07-25,Mina Leste,2972670.13,Recebido,
PC000356,FOR0047,CAT05,2026-03-15,Mina Oeste,888696.18,Recebido,
PC000357,FOR0023,CAT06,2026-02-21,Mina Sul,245406.14,Recebido,CT018
PC000358,FOR0025,CAT07,2026-03-29,Mina Leste,690630.95,Recebido,
PC000359,FOR0049,CAT02,2026-01-09,Mina Central,143799.66,Aberto,
PC000360,FOR0036,CAT06,2025-08-10,Mina Leste,264351.79,Recebido,CT026
PC000361,FOR0014,CAT06,2026-06-11,Terminal Portuário,189893.38,Cancelado,CT017
PC000362,FOR0056,CAT07,2025-11-21,Mina Norte,287864.23,Recebido,
PC000363,FOR0056,CAT03,2025-08-23,Mina Oeste,260958.4,Aberto,
PC000364,FOR0023,CAT04,2026-05-24,Mina Central,12020.18,Aberto,CT018
PC000365,FOR0003,CAT01,2026-01-12,Mina Central,661901.88,Recebido,CT007
PC000366,FOR0010,CAT07,2026-04-06,Mina Oeste,366683.46,Recebido,
PC000367,FOR0022,CAT07,2025-08-14,Mina Norte,546618.58,Recebido,CT005
PC000368,FOR0020,CAT02,2025-11-01,Mina Oeste,290662.61,Aberto,
PC000369,FOR0022,CAT07,2025-09-23,Mina Central,233404.56,Recebido,CT005
PC000370,FOR0011,CAT09,2026-01-25,Terminal Portuário,159806.98,Recebido,CT009
PC000371,FOR0004,CAT01,2026-06-07,Mina Oeste,378813.82,Recebido,CT025
PC000372,FOR0058,CAT09,2026-06-04,Mina Oeste,265828.92,Aprovado,CT030
PC000373,FOR0019,CAT10,2026-05-03,Mina Central,5234705.06,Recebido,
PC000374,FOR0059,CAT05,2026-03-23,Mina Norte,232018.4,Recebido,CT029
PC000375,FOR0057,CAT09,2025-12-05,Mina Leste,277017.95,Recebido,CT015
PC000376,FOR0054,CAT03,2026-06-07,Terminal Portuário,21507.2,Aprovado,
PC000377,FOR0019,CAT10,2026-04-30,Mina Oeste,5552025.04,Aprovado,CT020
PC000378,FOR0055,CAT04,2026-05-17,Mina Norte,60515.2,Aberto,CT004
PC000379,FOR0027,CAT04,2025-08-18,Mina Norte,43680.1,Aberto,CT012
PC000380,FOR0009,CAT07,2026-05-04,Terminal Portuário,163181.41,Aprovado,
PC000381,FOR0035,CAT02,2025-12-16,Mina Leste,18561.24,Recebido,
PC000382,FOR0049,CAT02,2025-10-11,Mina Norte,567707.76,Recebido,CT014
PC000383,FOR0030,CAT06,2025-12-05,Terminal Portuário,81651.94,Aberto,
PC000384,FOR0022,CAT07,2026-05-08,Mina Oeste,231598.0,Recebido,CT005
PC000385,FOR0006,CAT05,2025-09-26,Terminal Portuário,203839.33,Recebido,CT011
PC000386,FOR0034,CAT04,2025-07-14,Mina Norte,179152.22,Aberto,CT010
PC000387,FOR0039,CAT06,2025-10-03,Mina Oeste,23345.28,Aberto,
PC000388,FOR0020,CAT02,2026-01-20,Mina Sul,31761.9,Aberto,
PC000389,FOR0004,CAT01,2025-07-14,Mina Sul,558876.23,Recebido,CT025
PC000390,FOR0001,CAT01,2025-12-02,Mina Leste,538153.38,Aberto,CT006
PC000391,FOR0031,CAT02,2026-04-15,Mina Oeste,883738.35,Recebido,
PC000392,FOR0046,CAT04,2025-12-23,Mina Sul,86905.8,Recebido,CT024
PC000393,FOR0032,CAT10,2026-06-16,Mina Oeste,2862921.61,Aberto,CT028
PC000394,FOR0002,CAT01,2026-02-17,Mina Central,141386.55,Recebido,CT003
PC000395,FOR0045,CAT10,2026-01-10,Terminal Portuário,368933.01,Recebido,CT001
PC000396,FOR0035,CAT10,2025-09-24,Mina Oeste,3093111.85,Recebido,CT023
PC000397,FOR0035,CAT02,2026-05-14,Mina Sul,83641.16,Cancelado,CT023
PC000398,FOR0037,CAT03,2025-07-04,Mina Leste,202752.65,Recebido,
PC000399,FOR0003,CAT01,2026-03-05,Terminal Portuário,326227.4,Recebido,
PC000400,FOR0004,CAT01,2026-03-29,Mina Norte,386065.58,Recebido,CT025
PC000401,FOR0001,CAT03,2025-07-12,Mina Central,277851.25,Recebido,CT006
PC000402,FOR0059,CAT05,2025-07-29,Mina Leste,1027579.74,Aprovado,
PC000403,FOR0057,CAT09,2026-01-29,Mina Central,25090.64,Aprovado,CT015
PC000404,FOR0003,CAT01,2025-10-09,Mina Norte,325920.29,Aberto,
PC000405,FOR0011,CAT10,2026-01-22,Terminal Portuário,163211.22,Recebido,CT009
PC000406,FOR0040,CAT05,2025-07-31,Mina Oeste,761708.42,Recebido,CT002
PC000407,FOR0029,CAT12,2025-08-19,Terminal Portuário,152914.66,Recebido,CT027
PC000408,FOR0045,CAT03,2026-01-26,Mina Central,342328.1,Recebido,CT001
PC000409,FOR0002,CAT01,2026-01-18,Terminal Portuário,547119.58,Aberto,CT003
PC000410,FOR0007,CAT09,2025-06-24,Mina Leste,1104007.5,Cancelado,
PC000411,FOR0001,CAT01,2026-06-20,Mina Oeste,765368.28,Recebido,CT006
PC000412,FOR0004,CAT01,2026-05-11,Mina Sul,207368.54,Recebido,
PC000413,FOR0020,CAT02,2025-08-13,Mina Oeste,276818.99,Aberto,
PC000414,FOR0002,CAT01,2025-07-31,Mina Leste,843688.48,Aprovado,CT003
PC000415,FOR0058,CAT10,2026-04-25,Mina Sul,363107.14,Recebido,CT030
PC000416,FOR0055,CAT04,2025-10-28,Terminal Portuário,257969.83,Aprovado,CT004
PC000417,FOR0026,CAT03,2025-12-19,Mina Norte,252099.57,Recebido,
PC000418,FOR0036,CAT06,2025-06-26,Mina Norte,41995.2,Aprovado,CT026
PC000419,FOR0028,CAT04,2025-07-15,Mina Leste,270470.76,Cancelado,CT019
PC000420,FOR0004,CAT01,2025-11-29,Mina Norte,366156.43,Recebido,CT025
PC000421,FOR0057,CAT09,2025-06-24,Mina Norte,261351.38,Cancelado,CT015
PC000422,FOR0008,CAT04,2026-05-14,Mina Norte,52108.78,Recebido,
PC000423,FOR0024,CAT06,2026-05-31,Mina Leste,191085.15,Aprovado,CT016
PC000424,FOR0003,CAT09,2025-09-14,Mina Oeste,762845.25,Recebido,CT007
PC000425,FOR0059,CAT05,2025-10-08,Mina Oeste,192909.89,Aprovado,CT029
PC000426,FOR0057,CAT09,2025-09-20,Mina Oeste,376190.78,Recebido,CT015
PC000427,FOR0055,CAT04,2025-07-25,Mina Central,6180.52,Recebido,CT004
PC000428,FOR0035,CAT02,2025-09-17,Mina Central,77402.92,Recebido,CT023
PC000429,FOR0019,CAT10,2026-06-09,Mina Central,680451.63,Aprovado,
PC000430,FOR0006,CAT03,2026-03-06,Mina Sul,75427.58,Aprovado,CT011
PC000431,FOR0036,CAT06,2025-09-05,Mina Sul,312511.8,Cancelado,CT026
PC000432,FOR0024,CAT06,2026-01-08,Mina Central,165358.42,Recebido,CT016
PC000433,FOR0014,CAT06,2025-10-11,Mina Oeste,312214.53,Aprovado,CT017
PC000434,FOR0004,CAT01,2025-09-30,Mina Norte,195609.31,Recebido,CT025
PC000435,FOR0058,CAT10,2026-03-28,Mina Leste,5174908.0,Aprovado,CT030
PC000436,FOR0004,CAT01,2025-06-25,Mina Oeste,611563.37,Recebido,CT025
PC000437,FOR0040,CAT05,2025-08-30,Terminal Portuário,316851.26,Aprovado,CT002
PC000438,FOR0044,CAT05,2026-05-24,Mina Leste,699875.27,Recebido,CT021
PC000439,FOR0001,CAT01,2025-08-22,Mina Norte,694993.84,Recebido,CT006
PC000440,FOR0044,CAT10,2025-06-26,Mina Central,2517676.16,Cancelado,CT021
PC000441,FOR0014,CAT06,2026-04-17,Mina Leste,279861.37,Recebido,
PC000442,FOR0001,CAT01,2025-07-24,Mina Central,443680.16,Aberto,
PC000443,FOR0001,CAT01,2025-10-03,Mina Leste,156091.1,Recebido,CT006
PC000444,FOR0013,CAT11,2026-01-16,Mina Norte,18384.55,Recebido,
PC000445,FOR0058,CAT10,2025-07-28,Mina Sul,4020340.36,Recebido,CT030
PC000446,FOR0055,CAT04,2025-07-08,Mina Central,169350.51,Aprovado,CT004
PC000447,FOR0004,CAT01,2026-01-28,Mina Sul,624174.83,Recebido,
PC000448,FOR0001,CAT01,2026-04-08,Mina Norte,435884.63,Aberto,CT006
PC000449,FOR0040,CAT05,2026-05-22,Mina Central,273782.57,Aprovado,CT002
PC000450,FOR0055,CAT04,2025-07-22,Mina Oeste,258479.97,Aprovado,CT004
PC000451,FOR0047,CAT05,2025-11-03,Mina Oeste,152072.94,Recebido,CT013
PC000452,FOR0046,CAT07,2026-03-22,Mina Oeste,76308.17,Recebido,CT024
PC000453,FOR0017,CAT12,2025-06-28,Mina Oeste,641428.87,Aberto,
PC000454,FOR0055,CAT04,2025-08-26,Mina Sul,163232.2,Aprovado,
PC000455,FOR0001,CAT01,2025-12-06,Mina Central,504650.25,Recebido,CT006
PC000456,FOR0044,CAT05,2026-03-24,Mina Oeste,802877.04,Recebido,CT021
PC000457,FOR0005,CAT03,2025-12-24,Mina Oeste,246538.17,Aberto,CT022
PC000458,FOR0042,CAT05,2026-04-28,Mina Central,452960.93,Aprovado,
PC000459,FOR0049,CAT02,2025-10-23,Mina Norte,409277.03,Recebido,CT014
PC000460,FOR0022,CAT07,2025-08-10,Mina Leste,1052773.24,Aprovado,
PC000461,FOR0059,CAT05,2025-08-21,Mina Leste,1047248.28,Aprovado,CT029
PC000462,FOR0019,CAT05,2026-02-04,Mina Leste,994144.98,Recebido,
PC000463,FOR0018,CAT05,2025-12-06,Mina Central,233661.45,Aprovado,
PC000464,FOR0014,CAT06,2026-06-01,Mina Leste,183368.91,Aprovado,CT017
PC000465,FOR0047,CAT05,2025-07-11,Mina Central,169192.36,Recebido,
PC000466,FOR0033,CAT12,2026-06-17,Mina Leste,780408.7,Aberto,CT008
PC000467,FOR0039,CAT06,2026-01-08,Mina Leste,17396.17,Recebido,
PC000468,FOR0018,CAT05,2026-05-02,Mina Sul,619595.85,Recebido,
PC000469,FOR0046,CAT04,2025-07-24,Mina Oeste,111223.46,Recebido,CT024
PC000470,FOR0001,CAT07,2025-10-17,Terminal Portuário,578962.54,Recebido,CT006
PC000471,FOR0055,CAT07,2025-08-09,Mina Leste,292829.83,Recebido,CT004
PC000472,FOR0034,CAT07,2026-01-03,Mina Leste,539782.33,Aberto,CT010
PC000473,FOR0049,CAT02,2026-02-05,Mina Oeste,56704.16,Recebido,
PC000474,FOR0003,CAT01,2025-12-11,Mina Norte,569415.86,Recebido,CT007
PC000475,FOR0049,CAT05,2025-09-01,Mina Oeste,750315.11,Recebido,CT014
PC000476,FOR0055,CAT04,2025-08-30,Terminal Portuário,78765.58,Aprovado,CT004
PC000477,FOR0049,CAT02,2026-02-11,Mina Norte,7855.15,Aprovado,CT014
PC000478,FOR0002,CAT01,2025-09-21,Mina Norte,242387.87,Aprovado,CT003
PC000479,FOR0004,CAT01,2025-12-01,Mina Oeste,635773.98,Recebido,CT025
PC000480,FOR0041,CAT12,2026-02-15,Mina Central,573674.67,Recebido,
PC000481,FOR0023,CAT04,2026-05-19,Mina Leste,104074.27,Aprovado,CT018
PC000482,FOR0046,CAT04,2026-05-11,Mina Sul,97186.62,Recebido,
PC000483,FOR0049,CAT02,2025-08-28,Mina Norte,11055.78,Aberto,
PC000484,FOR0001,CAT01,2025-06-29,Mina Leste,504996.57,Cancelado,CT006
PC000485,FOR0040,CAT05,2026-04-07,Mina Norte,330257.65,Cancelado,CT002
PC000486,FOR0001,CAT01,2025-09-26,Mina Sul,425287.06,Aprovado,CT006
PC000487,FOR0035,CAT02,2026-06-15,Mina Oeste,391454.42,Cancelado,CT023
PC000488,FOR0006,CAT05,2026-05-25,Mina Norte,204280.43,Recebido,
PC000489,FOR0027,CAT01,2026-01-13,Mina Sul,712758.3,Aprovado,CT012
PC000490,FOR0033,CAT12,2026-02-11,Mina Leste,619290.29,Recebido,
PC000491,FOR0002,CAT01,2025-10-24,Mina Norte,469431.28,Recebido,CT003
PC000492,FOR0058,CAT10,2025-06-22,Mina Leste,4945771.62,Recebido,CT030
PC000493,FOR0022,CAT07,2025-11-02,Mina Leste,213827.18,Cancelado,CT005
PC000494,FOR0014,CAT08,2025-11-24,Terminal Portuário,875782.59,Recebido,CT017
PC000495,FOR0036,CAT09,2026-02-14,Mina Norte,1172988.56,Aprovado,CT026
PC000496,FOR0040,CAT11,2026-03-21,Mina Sul,261854.11,Recebido,CT002
PC000497,FOR0022,CAT07,2026-01-29,Mina Sul,411622.07,Cancelado,CT005
PC000498,FOR0040,CAT05,2026-04-27,Mina Sul,638703.42,Recebido,
PC000499,FOR0049,CAT02,2026-05-01,Terminal Portuário,56000.37,Aprovado,CT014
PC000500,FOR0049,CAT02,2025-12-28,Mina Central,466063.29,Aprovado,CT014
PC000501,FOR0022,CAT07,2025-12-02,Terminal Portuário,899777.27,Recebido,CT005
PC000502,FOR0003,CAT01,2026-04-30,Mina Oeste,827071.59,Aprovado,CT007
PC000503,FOR0027,CAT04,2025-12-08,Mina Sul,266577.52,Recebido,CT012
PC000504,FOR0005,CAT03,2025-07-28,Mina Central,123689.0,Recebido,
PC000505,FOR0035,CAT11,2025-10-24,Mina Sul,594336.91,Recebido,CT023
PC000506,FOR0035,CAT02,2025-09-05,Mina Norte,138128.8,Recebido,CT023
PC000507,FOR0027,CAT04,2026-01-04,Mina Sul,94758.33,Aprovado,CT012
PC000508,FOR0002,CAT01,2025-09-09,Mina Oeste,405159.12,Recebido,CT003
PC000509,FOR0032,CAT11,2026-04-01,Terminal Portuário,681125.71,Cancelado,CT028
PC000510,FOR0036,CAT06,2025-11-05,Mina Norte,111044.43,Recebido,CT026
PC000511,FOR0059,CAT05,2025-09-30,Mina Leste,289620.13,Recebido,
PC000512,FOR0002,CAT01,2026-04-05,Terminal Portuário,1401167.66,Recebido,CT003
PC000513,FOR0012,CAT06,2026-03-05,Mina Oeste,159286.86,Aprovado,
PC000514,FOR0058,CAT10,2025-11-03,Mina Central,4969081.11,Recebido,CT030
PC000515,FOR0046,CAT04,2026-01-03,Mina Oeste,112938.56,Aprovado,CT024
PC000516,FOR0040,CAT05,2025-07-20,Mina Central,163972.41,Recebido,
PC000517,FOR0034,CAT04,2026-04-19,Mina Sul,66184.8,Aprovado,CT010
PC000518,FOR0006,CAT05,2026-01-26,Mina Leste,1685121.99,Recebido,CT011
PC000519,FOR0004,CAT09,2026-03-11,Mina Norte,479605.99,Recebido,
PC000520,FOR0044,CAT02,2025-07-01,Mina Central,127426.0,Aberto,CT021
PC000521,FOR0033,CAT12,2025-10-11,Mina Norte,439036.55,Recebido,CT008
PC000522,FOR0004,CAT01,2025-06-25,Mina Leste,864744.22,Recebido,CT025
PC000523,FOR0023,CAT04,2025-07-15,Mina Sul,33941.34,Aberto,
PC000524,FOR0014,CAT06,2025-12-29,Mina Sul,13138.45,Recebido,CT017
PC000525,FOR0014,CAT12,2026-01-16,Mina Leste,286650.71,Aberto,CT017
PC000526,FOR0011,CAT10,2026-02-20,Mina Leste,1847578.0,Recebido,
PC000527,FOR0022,CAT11,2025-10-15,Terminal Portuário,416281.73,Recebido,CT005
PC000528,FOR0004,CAT01,2026-05-11,Mina Sul,426111.68,Aberto,CT025
PC000529,FOR0044,CAT05,2025-10-09,Mina Central,309762.02,Recebido,CT021
PC000530,FOR0011,CAT10,2025-08-25,Mina Leste,2370797.84,Aberto,CT009
PC000531,FOR0035,CAT02,2026-03-18,Mina Sul,193668.23,Recebido,CT023
PC000532,FOR0040,CAT06,2025-10-28,Terminal Portuário,278817.25,Recebido,CT002
PC000533,FOR0040,CAT05,2025-10-24,Mina Sul,66399.97,Recebido,
PC000534,FOR0003,CAT01,2026-04-17,Mina Sul,200764.88,Cancelado,CT007
PC000535,FOR0011,CAT01,2026-06-11,Mina Leste,726843.71,Recebido,CT009
PC000536,FOR0055,CAT04,2025-11-10,Terminal Portuário,152767.45,Cancelado,CT004
PC000537,FOR0029,CAT02,2025-10-13,Terminal Portuário,3989.5,Recebido,CT027
PC000538,FOR0053,CAT10,2025-07-11,Terminal Portuário,8765552.16,Cancelado,
PC000539,FOR0058,CAT10,2026-02-10,Mina Central,2940886.17,Recebido,CT030
PC000540,FOR0027,CAT04,2025-10-16,Mina Central,226116.65,Aprovado,CT012
PC000541,FOR0001,CAT01,2026-01-15,Mina Sul,631547.28,Recebido,CT006
PC000542,FOR0047,CAT05,2025-12-04,Mina Leste,476115.84,Cancelado,CT013
PC000543,FOR0022,CAT07,2026-02-02,Mina Sul,126494.36,Recebido,CT005
PC000544,FOR0003,CAT01,2025-10-26,Mina Oeste,952951.35,Recebido,CT007
PC000545,FOR0004,CAT01,2026-04-04,Terminal Portuário,739204.18,Recebido,CT025
PC000546,FOR0003,CAT01,2025-09-03,Terminal Portuário,440319.29,Recebido,CT007
PC000547,FOR0040,CAT05,2025-08-06,Mina Leste,338116.92,Aberto,
PC000548,FOR0025,CAT07,2025-07-23,Mina Norte,1059831.28,Cancelado,
PC000549,FOR0045,CAT09,2025-12-30,Mina Sul,147307.86,Recebido,CT001
PC000550,FOR0001,CAT01,2025-09-20,Mina Leste,130131.3,Recebido,CT006
PC000551,FOR0001,CAT01,2025-10-22,Mina Leste,701111.28,Cancelado,
PC000552,FOR0027,CAT04,2026-01-07,Mina Central,163039.6,Aprovado,CT012
PC000553,FOR0014,CAT04,2026-01-30,Mina Oeste,163364.9,Recebido,CT017
PC000554,FOR0005,CAT03,2026-06-22,Mina Sul,113389.24,Aprovado,CT022
PC000555,FOR0040,CAT04,2026-01-24,Terminal Portuário,42434.92,Recebido,CT002
PC000556,FOR0003,CAT11,2025-12-06,Terminal Portuário,150408.17,Aprovado,CT007
PC000557,FOR0058,CAT10,2025-09-03,Mina Norte,6497122.76,Recebido,CT030
PC000558,FOR0003,CAT12,2025-09-19,Mina Sul,22054.2,Recebido,CT007
PC000559,FOR0047,CAT05,2026-06-07,Mina Leste,893414.17,Aprovado,CT013
PC000560,FOR0001,CAT01,2026-01-06,Terminal Portuário,642472.92,Recebido,
PC000561,FOR0011,CAT10,2026-01-13,Terminal Portuário,4490962.61,Aberto,CT009
PC000562,FOR0027,CAT08,2025-12-30,Mina Sul,1538099.14,Recebido,
PC000563,FOR0023,CAT04,2025-08-27,Mina Leste,269246.85,Recebido,CT018
PC000564,FOR0040,CAT05,2025-12-08,Mina Central,146514.84,Recebido,
PC000565,FOR0046,CAT04,2026-05-04,Mina Oeste,70063.15,Recebido,CT024
PC000566,FOR0011,CAT10,2025-08-30,Mina Leste,3456347.04,Recebido,CT009
PC000567,FOR0045,CAT10,2025-11-18,Mina Norte,6154221.35,Recebido,CT001
PC000568,FOR0032,CAT10,2025-06-27,Mina Norte,6048751.8,Recebido,
PC000569,FOR0024,CAT06,2026-05-31,Terminal Portuário,200457.98,Aberto,CT016
PC000570,FOR0058,CAT10,2025-12-13,Mina Oeste,1295544.66,Recebido,
PC000571,FOR0004,CAT01,2025-10-19,Terminal Portuário,77719.64,Aprovado,CT025
PC000572,FOR0003,CAT01,2025-08-24,Mina Norte,415479.3,Recebido,CT007
PC000573,FOR0049,CAT03,2026-05-05,Mina Leste,148577.79,Recebido,
PC000574,FOR0004,CAT01,2026-02-14,Mina Leste,725624.4,Recebido,CT025
PC000575,FOR0004,CAT01,2026-04-21,Mina Sul,203919.62,Cancelado,CT025
PC000576,FOR0004,CAT01,2025-12-19,Mina Norte,479673.85,Cancelado,CT025
PC000577,FOR0039,CAT06,2026-01-27,Mina Oeste,223772.31,Recebido,
PC000578,FOR0003,CAT01,2025-10-17,Mina Oeste,1044574.76,Recebido,CT007
PC000579,FOR0032,CAT10,2025-12-03,Mina Leste,1151234.02,Aberto,
PC000580,FOR0047,CAT05,2026-05-18,Mina Oeste,807544.37,Aprovado,
PC000581,FOR0040,CAT05,2025-11-14,Mina Sul,698358.64,Aprovado,CT002
PC000582,FOR0040,CAT09,2025-07-20,Terminal Portuário,351129.47,Recebido,CT002
PC000583,FOR0001,CAT01,2026-06-12,Mina Norte,513705.72,Aprovado,
PC000584,FOR0055,CAT05,2025-08-31,Mina Central,144806.83,Recebido,CT004
PC000585,FOR0047,CAT05,2025-11-05,Mina Oeste,542512.32,Recebido,CT013
PC000586,FOR0049,CAT02,2025-10-05,Mina Oeste,95266.49,Aprovado,
PC000587,FOR0035,CAT02,2026-02-11,Mina Oeste,115046.7,Cancelado,CT023
PC000588,FOR0031,CAT04,2026-04-08,Mina Norte,216073.66,Cancelado,
PC000589,FOR0002,CAT01,2025-08-22,Terminal Portuário,216175.85,Cancelado,CT003
PC000590,FOR0057,CAT08,2025-07-24,Mina Sul,520036.91,Recebido,
PC000591,FOR0047,CAT05,2026-04-06,Mina Leste,729514.36,Recebido,CT013
PC000592,FOR0051,CAT05,2026-03-27,Terminal Portuário,139893.24,Aprovado,
PC000593,FOR0035,CAT02,2025-12-09,Terminal Portuário,143625.91,Cancelado,
PC000594,FOR0056,CAT02,2025-12-13,Terminal Portuário,86426.04,Recebido,
PC000595,FOR0009,CAT04,2026-01-10,Mina Leste,161208.81,Recebido,
PC000596,FOR0049,CAT02,2026-03-02,Mina Norte,182053.52,Aberto,CT014
PC000597,FOR0004,CAT01,2026-05-02,Terminal Portuário,456179.0,Recebido,CT025
PC000598,FOR0006,CAT05,2025-07-09,Mina Oeste,831546.25,Aprovado,CT011
PC000599,FOR0014,CAT06,2026-03-08,Mina Oeste,6714.6,Recebido,
PC000600,FOR0028,CAT08,2026-02-25,Mina Leste,577813.1,Aprovado,CT019
PC000601,FOR0058,CAT10,2025-07-02,Terminal Portuário,1667272.11,Recebido,
PC000602,FOR0049,CAT02,2025-07-26,Terminal Portuário,402973.75,Cancelado,CT014
PC000603,FOR0023,CAT04,2026-03-20,Mina Sul,75936.14,Aberto,CT018
PC000604,FOR0024,CAT04,2025-12-24,Mina Central,139551.94,Cancelado,CT016
PC000605,FOR0003,CAT07,2025-10-15,Mina Sul,172193.9,Recebido,
PC000606,FOR0033,CAT11,2026-05-16,Mina Central,102969.12,Aberto,
PC000607,FOR0036,CAT06,2025-11-16,Mina Sul,394150.01,Recebido,CT026
PC000608,FOR0059,CAT05,2026-06-09,Terminal Portuário,367031.13,Aprovado,
PC000609,FOR0036,CAT06,2025-09-04,Mina Norte,318332.76,Aprovado,
PC000610,FOR0053,CAT10,2025-09-22,Mina Norte,4669888.23,Aberto,
PC000611,FOR0001,CAT01,2025-10-23,Mina Oeste,192269.92,Aprovado,CT006
PC000612,FOR0060,CAT07,2026-04-10,Mina Central,143115.84,Recebido,
PC000613,FOR0033,CAT04,2026-05-02,Mina Norte,140913.14,Recebido,CT008
PC000614,FOR0059,CAT05,2026-02-08,Mina Norte,607120.5,Recebido,CT029
PC000615,FOR0047,CAT05,2025-10-28,Mina Central,755683.77,Aberto,CT013
PC000616,FOR0032,CAT10,2025-11-16,Mina Leste,1336136.13,Recebido,CT028
PC000617,FOR0036,CAT10,2026-04-01,Terminal Portuário,405762.88,Recebido,CT026
PC000618,FOR0001,CAT01,2026-02-13,Mina Sul,395856.54,Aprovado,CT006
PC000619,FOR0011,CAT10,2026-02-27,Mina Leste,1113096.37,Recebido,
PC000620,FOR0057,CAT09,2026-01-30,Mina Sul,802125.0,Recebido,
PC000621,FOR0004,CAT01,2026-05-22,Mina Norte,473322.24,Recebido,CT025
PC000622,FOR0014,CAT06,2025-12-06,Mina Norte,80043.53,Aprovado,CT017
PC000623,FOR0059,CAT05,2025-11-24,Mina Sul,727680.59,Aberto,CT029
PC000624,FOR0049,CAT03,2026-04-13,Terminal Portuário,290832.62,Recebido,CT014
PC000625,FOR0014,CAT06,2025-12-24,Mina Leste,326891.54,Recebido,CT017
PC000626,FOR0002,CAT01,2025-09-08,Mina Norte,312430.86,Recebido,CT003
PC000627,FOR0034,CAT04,2026-05-19,Mina Norte,167848.93,Aprovado,CT010
PC000628,FOR0002,CAT01,2025-08-31,Mina Oeste,545049.01,Aberto,CT003
PC000629,FOR0004,CAT01,2025-09-09,Mina Norte,608621.46,Aberto,CT025
PC000630,FOR0055,CAT03,2026-01-30,Terminal Portuário,57569.82,Recebido,CT004
PC000631,FOR0046,CAT04,2026-01-24,Mina Oeste,136818.47,Recebido,CT024
PC000632,FOR0032,CAT05,2025-10-22,Mina Leste,315896.12,Recebido,CT028
PC000633,FOR0047,CAT05,2025-12-11,Mina Leste,69565.51,Aberto,
PC000634,FOR0013,CAT11,2025-12-09,Mina Oeste,278487.73,Aberto,
PC000635,FOR0031,CAT07,2025-11-09,Mina Oeste,852649.41,Recebido,
PC000636,FOR0032,CAT11,2026-05-31,Mina Sul,484984.04,Aprovado,CT028
PC000637,FOR0001,CAT01,2026-02-15,Mina Leste,115250.37,Recebido,CT006
PC000638,FOR0002,CAT01,2026-03-22,Terminal Portuário,164236.02,Aprovado,CT003
PC000639,FOR0047,CAT07,2025-08-04,Mina Norte,667547.5,Aberto,CT013
PC000640,FOR0055,CAT04,2026-01-02,Mina Central,241211.6,Cancelado,CT004
PC000641,FOR0002,CAT06,2025-08-01,Mina Central,239655.19,Aprovado,CT003
PC000642,FOR0049,CAT02,2026-03-31,Mina Norte,187117.92,Recebido,
PC000643,FOR0003,CAT01,2025-12-10,Terminal Portuário,355038.84,Aprovado,
PC000644,FOR0007,CAT09,2025-10-22,Mina Norte,140749.36,Cancelado,
PC000645,FOR0037,CAT04,2026-01-15,Terminal Portuário,184235.64,Recebido,
PC000646,FOR0001,CAT10,2025-08-18,Terminal Portuário,1242769.05,Recebido,CT006
PC000647,FOR0035,CAT02,2025-12-19,Terminal Portuário,241259.58,Aprovado,CT023
PC000648,FOR0024,CAT06,2026-02-07,Mina Central,255925.29,Aprovado,CT016
PC000649,FOR0018,CAT05,2025-08-17,Mina Central,459091.84,Aprovado,
PC000650,FOR0011,CAT09,2026-01-22,Mina Norte,799434.66,Recebido,CT009
PC000651,FOR0046,CAT04,2025-12-21,Mina Sul,324025.85,Recebido,CT024
PC000652,FOR0049,CAT01,2026-03-22,Mina Norte,61561.26,Cancelado,CT014
PC000653,FOR0004,CAT01,2025-10-28,Mina Oeste,252164.67,Recebido,
PC000654,FOR0016,CAT07,2025-12-21,Mina Oeste,562522.64,Recebido,
PC000655,FOR0055,CAT10,2025-12-26,Mina Central,2945757.86,Recebido,CT004
PC000656,FOR0035,CAT02,2026-04-17,Mina Leste,235781.94,Cancelado,CT023
PC000657,FOR0035,CAT02,2025-09-30,Mina Leste,141062.6,Recebido,
PC000658,FOR0002,CAT02,2026-02-22,Terminal Portuário,83021.52,Recebido,CT003
PC000659,FOR0009,CAT07,2025-08-08,Mina Central,222708.69,Aprovado,
PC000660,FOR0003,CAT01,2025-08-02,Mina Central,241579.08,Recebido,
PC000661,FOR0032,CAT10,2025-08-03,Terminal Portuário,1046537.94,Aprovado,CT028
PC000662,FOR0002,CAT01,2026-04-27,Mina Sul,407386.24,Aberto,CT003
PC000663,FOR0005,CAT03,2025-11-29,Mina Norte,90165.59,Recebido,CT022
PC000664,FOR0040,CAT05,2026-05-26,Mina Central,398987.53,Aberto,CT002
PC000665,FOR0025,CAT07,2026-03-29,Mina Leste,602283.72,Cancelado,
PC000666,FOR0003,CAT01,2026-01-07,Terminal Portuário,594592.73,Aprovado,CT007
PC000667,FOR0004,CAT01,2026-03-27,Mina Central,77538.36,Recebido,CT025
PC000668,FOR0047,CAT05,2026-03-11,Mina Oeste,186719.44,Recebido,
PC000669,FOR0050,CAT08,2025-12-08,Mina Sul,140429.28,Recebido,
PC000670,FOR0004,CAT01,2025-08-23,Mina Sul,281363.84,Recebido,
PC000671,FOR0006,CAT05,2025-08-09,Mina Oeste,1306173.0,Recebido,
PC000672,FOR0047,CAT01,2025-08-15,Mina Leste,49466.01,Aprovado,
PC000673,FOR0002,CAT01,2026-01-20,Mina Oeste,403210.85,Cancelado,
PC000674,FOR0019,CAT03,2025-11-15,Mina Central,51327.36,Aberto,CT020
PC000675,FOR0024,CAT06,2025-12-11,Mina Leste,396469.8,Aprovado,CT016
PC000676,FOR0048,CAT03,2025-09-28,Mina Norte,25395.62,Recebido,
PC000677,FOR0047,CAT05,2025-08-12,Mina Sul,120822.76,Cancelado,CT013
PC000678,FOR0040,CAT09,2026-03-19,Mina Norte,678991.18,Aberto,CT002
PC000679,FOR0019,CAT10,2026-03-08,Mina Oeste,1488308.52,Recebido,CT020
PC000680,FOR0034,CAT04,2026-01-14,Terminal Portuário,139792.5,Recebido,CT010
PC000681,FOR0027,CAT10,2026-04-07,Mina Norte,6890215.6,Aberto,
PC000682,FOR0037,CAT03,2026-04-04,Mina Norte,93878.0,Cancelado,
PC000683,FOR0023,CAT04,2025-09-19,Mina Central,65931.24,Recebido,CT018
PC000684,FOR0015,CAT08,2025-11-14,Mina Central,1417582.8,Recebido,
PC000685,FOR0008,CAT12,2025-09-27,Mina Central,813316.16,Recebido,
PC000686,FOR0049,CAT02,2026-02-21,Mina Norte,127395.03,Recebido,
PC000687,FOR0004,CAT01,2025-07-16,Mina Leste,197856.68,Cancelado,CT025
PC000688,FOR0011,CAT10,2026-03-02,Mina Oeste,2633183.37,Recebido,CT009
PC000689,FOR0035,CAT03,2025-07-26,Mina Sul,213057.03,Cancelado,CT023
PC000690,FOR0058,CAT10,2025-08-18,Mina Leste,4340314.0,Aprovado,CT030
PC000691,FOR0005,CAT03,2026-01-28,Mina Norte,98255.31,Aprovado,CT022
PC000692,FOR0011,CAT07,2026-02-01,Mina Leste,1153530.55,Aprovado,CT009
PC000693,FOR0029,CAT02,2025-12-25,Mina Leste,491370.96,Recebido,CT027
PC000694,FOR0029,CAT02,2026-05-21,Mina Sul,209893.62,Recebido,CT027
PC000695,FOR0002,CAT01,2025-07-09,Terminal Portuário,157270.15,Cancelado,CT003
PC000696,FOR0023,CAT04,2026-05-24,Mina Oeste,297368.01,Aprovado,CT018
PC000697,FOR0002,CAT02,2026-06-06,Mina Sul,567218.41,Recebido,CT003
PC000698,FOR0059,CAT05,2025-09-25,Terminal Portuário,786064.22,Recebido,CT029
PC000699,FOR0046,CAT04,2026-04-12,Mina Oeste,346426.41,Aprovado,CT024
PC000700,FOR0006,CAT05,2025-12-28,Terminal Portuário,161942.86,Recebido,CT011
PC000701,FOR0047,CAT09,2025-10-14,Mina Central,260990.9,Aberto,CT013
PC000702,FOR0005,CAT10,2026-04-15,Mina Norte,1432847.64,Aprovado,CT022
PC000703,FOR0003,CAT01,2025-09-06,Terminal Portuário,1035625.88,Recebido,CT007
PC000704,FOR0004,CAT01,2025-06-25,Mina Sul,577423.52,Aprovado,CT025
PC000705,FOR0023,CAT06,2026-01-20,Mina Leste,58959.42,Recebido,CT018
PC000706,FOR0032,CAT10,2026-05-02,Mina Norte,5830375.8,Cancelado,CT028
PC000707,FOR0006,CAT05,2025-07-29,Mina Sul,26214.76,Cancelado,CT011
PC000708,FOR0053,CAT10,2026-05-03,Mina Oeste,1784165.61,Recebido,
PC000709,FOR0010,CAT07,2026-06-17,Mina Central,321387.64,Aprovado,
PC000710,FOR0005,CAT03,2026-05-08,Mina Norte,104460.0,Aprovado,
PC000711,FOR0001,CAT01,2026-02-22,Mina Central,266859.84,Recebido,
PC000712,FOR0044,CAT05,2026-02-11,Mina Sul,1222044.67,Recebido,CT021
PC000713,FOR0014,CAT11,2026-03-25,Mina Oeste,395304.06,Aprovado,
PC000714,FOR0055,CAT04,2025-09-19,Mina Sul,245706.1,Recebido,CT004
PC000715,FOR0002,CAT01,2026-03-06,Mina Oeste,644572.99,Recebido,CT003
PC000716,FOR0035,CAT02,2026-05-17,Terminal Portuário,286103.9,Recebido,CT023
PC000717,FOR0043,CAT11,2025-08-19,Mina Norte,140168.14,Aberto,
PC000718,FOR0008,CAT04,2026-05-26,Mina Norte,116103.9,Aberto,
PC000719,FOR0006,CAT05,2026-05-26,Terminal Portuário,455685.95,Aprovado,
PC000720,FOR0050,CAT08,2025-06-26,Mina Central,1453927.28,Recebido,
PC000721,FOR0034,CAT04,2025-09-27,Mina Central,106025.19,Recebido,CT010
PC000722,FOR0047,CAT05,2025-12-24,Mina Leste,60722.25,Recebido,CT013
PC000723,FOR0040,CAT05,2025-08-24,Mina Central,780833.5,Aberto,CT002
PC000724,FOR0024,CAT06,2025-10-28,Mina Norte,300075.82,Recebido,CT016
PC000725,FOR0001,CAT01,2026-02-27,Mina Oeste,67007.99,Aprovado,
PC000726,FOR0001,CAT01,2025-08-13,Mina Leste,149261.09,Aprovado,CT006
PC000727,FOR0040,CAT05,2026-04-28,Mina Leste,1029679.56,Recebido,CT002
PC000728,FOR0057,CAT09,2026-01-25,Mina Central,78583.74,Aberto,
PC000729,FOR0002,CAT01,2026-01-10,Mina Oeste,796233.15,Recebido,CT003
PC000730,FOR0044,CAT05,2026-04-16,Mina Norte,688349.95,Recebido,CT021
PC000731,FOR0045,CAT10,2025-08-15,Mina Norte,2398233.98,Aberto,CT001
PC000732,FOR0005,CAT03,2026-04-10,Mina Oeste,125965.44,Recebido,CT022
PC000733,FOR0029,CAT02,2025-11-17,Mina Oeste,205399.12,Cancelado,
PC000734,FOR0001,CAT01,2025-09-26,Mina Norte,394495.0,Recebido,
PC000735,FOR0004,CAT01,2026-04-14,Terminal Portuário,651415.49,Cancelado,CT025
PC000736,FOR0044,CAT05,2025-09-23,Mina Norte,1034240.6,Aprovado,CT021
PC000737,FOR0045,CAT10,2025-10-13,Mina Leste,3674908.63,Aprovado,
PC000738,FOR0019,CAT10,2025-08-06,Mina Sul,2363993.76,Aprovado,CT020
PC000739,FOR0059,CAT12,2026-04-02,Mina Leste,320099.51,Recebido,CT029
PC000740,FOR0002,CAT06,2026-02-17,Mina Leste,120006.14,Recebido,
PC000741,FOR0005,CAT03,2026-03-13,Mina Norte,240325.19,Recebido,
PC000742,FOR0040,CAT05,2025-08-17,Mina Sul,1085805.45,Aberto,
PC000743,FOR0040,CAT08,2026-04-23,Mina Oeste,1036711.12,Recebido,CT002
PC000744,FOR0006,CAT05,2026-02-25,Mina Norte,269299.85,Aberto,CT011
PC000745,FOR0034,CAT05,2025-07-17,Mina Leste,541480.28,Aprovado,CT010
PC000746,FOR0036,CAT06,2025-10-24,Mina Central,260014.68,Recebido,CT026
PC000747,FOR0047,CAT11,2025-11-28,Mina Central,442544.37,Recebido,CT013
PC000748,FOR0055,CAT04,2026-03-22,Terminal Portuário,8184.06,Recebido,CT004
PC000749,FOR0004,CAT09,2026-04-04,Mina Norte,357472.4,Aberto,CT025
PC000750,FOR0027,CAT04,2025-12-14,Mina Central,101615.36,Aprovado,CT012
PC000751,FOR0056,CAT01,2025-12-27,Mina Leste,727101.47,Aprovado,
PC000752,FOR0003,CAT02,2025-08-04,Mina Leste,227935.78,Recebido,CT007
PC000753,FOR0034,CAT04,2026-06-22,Mina Norte,83174.77,Recebido,CT010
PC000754,FOR0015,CAT08,2025-11-03,Mina Oeste,1225165.36,Recebido,
PC000755,FOR0027,CAT04,2026-03-12,Terminal Portuário,283125.74,Recebido,CT012
PC000756,FOR0006,CAT05,2025-09-07,Terminal Portuário,521173.16,Cancelado,CT011
PC000757,FOR0047,CAT03,2025-09-24,Mina Norte,125375.39,Aprovado,CT013
PC000758,FOR0004,CAT01,2025-09-26,Mina Norte,365608.5,Recebido,CT025
PC000759,FOR0016,CAT05,2026-06-03,Mina Norte,484957.96,Recebido,
PC000760,FOR0001,CAT01,2025-07-15,Terminal Portuário,494392.64,Recebido,CT006
PC000761,FOR0002,CAT01,2025-12-27,Mina Sul,585909.7,Recebido,CT003
PC000762,FOR0034,CAT04,2025-07-31,Mina Leste,299581.04,Recebido,CT010
PC000763,FOR0002,CAT01,2025-11-20,Mina Sul,1027498.71,Recebido,CT003
PC000764,FOR0005,CAT11,2025-12-26,Mina Sul,304368.39,Aprovado,CT022
PC000765,FOR0003,CAT01,2026-06-20,Terminal Portuário,230134.02,Recebido,CT007
PC000766,FOR0004,CAT01,2025-08-30,Mina Norte,223609.38,Cancelado,CT025
PC000767,FOR0060,CAT06,2025-08-07,Mina Central,14464.0,Aberto,
PC000768,FOR0032,CAT10,2025-10-16,Mina Leste,498995.04,Cancelado,CT028
PC000769,FOR0002,CAT01,2026-04-11,Mina Oeste,569426.88,Recebido,CT003
PC000770,FOR0033,CAT03,2025-08-03,Terminal Portuário,197009.93,Aprovado,CT008
PC000771,FOR0006,CAT05,2025-10-28,Mina Oeste,785830.07,Recebido,CT011
PC000772,FOR0001,CAT01,2026-04-22,Mina Central,492937.09,Aberto,CT006
PC000773,FOR0040,CAT05,2025-08-12,Mina Oeste,508747.14,Recebido,CT002
PC000774,FOR0005,CAT03,2026-06-06,Mina Norte,256302.18,Aprovado,CT022
PC000775,FOR0001,CAT01,2026-06-17,Mina Sul,676290.15,Aprovado,CT006
PC000776,FOR0058,CAT10,2025-11-16,Mina Oeste,831172.69,Cancelado,CT030
PC000777,FOR0046,CAT04,2025-07-15,Terminal Portuário,21352.96,Recebido,CT024
PC000778,FOR0002,CAT01,2026-04-08,Mina Norte,502470.96,Aprovado,CT003
PC000779,FOR0040,CAT05,2025-07-02,Mina Leste,1328706.51,Aberto,CT002
PC000780,FOR0055,CAT04,2025-07-23,Terminal Portuário,32620.68,Recebido,
PC000781,FOR0010,CAT07,2025-12-21,Terminal Portuário,213277.01,Aprovado,
PC000782,FOR0058,CAT10,2026-06-04,Mina Leste,813214.01,Aprovado,CT030
PC000783,FOR0037,CAT03,2026-06-12,Mina Norte,160305.0,Recebido,
PC000784,FOR0036,CAT06,2025-12-19,Mina Oeste,188125.5,Cancelado,CT026
PC000785,FOR0058,CAT10,2026-06-17,Mina Leste,2757632.89,Recebido,CT030
PC000786,FOR0040,CAT06,2025-09-13,Mina Sul,475304.19,Aberto,CT002
PC000787,FOR0023,CAT04,2026-03-17,Mina Norte,209390.26,Recebido,CT018
PC000788,FOR0024,CAT06,2025-10-12,Mina Sul,8377.56,Recebido,
PC000789,FOR0032,CAT12,2026-01-10,Terminal Portuário,208509.6,Aprovado,CT028
PC000790,FOR0035,CAT04,2026-04-16,Mina Oeste,59129.46,Recebido,CT023
PC000791,FOR0002,CAT01,2026-03-11,Mina Central,699574.6,Recebido,
PC000792,FOR0034,CAT05,2026-04-27,Terminal Portuário,334075.72,Recebido,CT010
PC000793,FOR0045,CAT10,2026-05-28,Terminal Portuário,796716.15,Aberto,CT001
PC000794,FOR0035,CAT02,2026-03-22,Mina Oeste,165451.55,Recebido,CT023
PC000795,FOR0046,CAT04,2026-04-04,Mina Sul,102714.65,Aprovado,CT024
PC000796,FOR0019,CAT03,2026-01-15,Terminal Portuário,70575.72,Aberto,
PC000797,FOR0050,CAT08,2025-08-25,Mina Central,2153305.25,Aberto,
PC000798,FOR0035,CAT10,2025-11-15,Terminal Portuário,5643949.18,Aberto,CT023
PC000799,FOR0028,CAT08,2025-12-21,Mina Sul,1640604.73,Cancelado,CT019
PC000800,FOR0046,CAT04,2026-01-18,Terminal Portuário,223646.35,Recebido,CT024
