id_transacao,data_transacao,id_fornecedor,id_solicitante,id_aprovador,area,categoria_despesa,valor,metodo_pagamento,contrato_id,status
TX000001,2025-12-01,FOR0016,APR018,APR013,Facilities,Materiais e suprimentos,397302.42,Cartão corporativo,CTR0016,Pago
TX000002,2026-05-07,FOR0030,APR008,APR008,TI,Consultoria,43108.04,Transferência,CTR0030,Estornado
TX000003,2025-11-24,FOR0016,APR024,APR018,Compras,Frete e logística,1619.72,Transferência,CTR0016,Estornado
TX000004,2025-11-10,FOR0032,APR005,APR022,Facilities,Manutenção predial,41037.07,Cartão corporativo,CTR0032,Pago
TX000005,2025-12-10,FOR0029,APR001,APR007,TI,Materiais e suprimentos,83209.24,Cartão corporativo,,Pago
TX000006,2025-07-11,FOR0020,APR019,APR006,Marketing,Serviços de TI,116525.21,Boleto,CTR0020,Pago
TX000007,2025-12-22,FOR0036,APR004,APR014,RH,Materiais e suprimentos,2090.69,Pix,CTR0036,Pendente
TX000008,2026-01-19,FOR0010,APR011,APR020,Compras,Manutenção predial,8461.55,Boleto,,Pendente
TX000009,2025-10-18,FOR0019,APR008,APR009,Compras,Brindes e hospitalidade,360.78,Cartão corporativo,CTR0019,Pago
TX000010,2025-08-21,FOR0017,APR001,APR009,Compras,Licenças de software,9030.35,Cartão corporativo,,Pago
TX000011,2025-09-29,FOR0036,APR020,APR002,Jurídico,Consultoria,9058.12,Transferência,CTR0036,Pago
TX000012,2026-05-08,FOR0034,APR011,APR017,Marketing,Utilidades,4081.68,Cartão corporativo,CTR0034,Pendente
TX000013,2025-09-22,FOR0019,APR023,APR017,Marketing,Licenças de software,16596.47,Transferência,CTR0019,Pago
TX000014,2025-09-17,FOR0027,APR017,APR010,Logística,Consultoria,417943.82,Cartão corporativo,CTR0027,Pago
TX000015,2025-07-30,FOR0032,APR021,APR003,TI,Frete e logística,223401.98,Boleto,CTR0032,Pendente
TX000016,2025-10-13,FOR0012,APR014,APR023,TI,Materiais e suprimentos,7943.97,Pix,CTR0012,Estornado
TX000017,2026-03-09,FOR0005,APR021,APR002,Jurídico,Brindes e hospitalidade,954.04,Pix,,Pendente
TX000018,2025-11-10,FOR0013,APR009,APR006,Marketing,Utilidades,35995.37,Boleto,CTR0013,Pago
TX000019,2026-01-19,FOR0005,APR015,APR009,Compras,Frete e logística,1575.25,Transferência,,Pago
TX000020,2025-12-22,FOR0036,APR001,APR007,TI,Materiais e suprimentos,35451.76,Pix,CTR0036,Pago
TX000021,2025-09-15,FOR0028,APR013,APR018,Compras,Brindes e hospitalidade,2747.03,Transferência,CTR0028,Pendente
TX000022,2025-10-09,FOR0003,APR011,APR013,Facilities,Manutenção predial,183556.12,Pix,CTR0003,Pago
TX000023,2025-07-14,FOR0017,APR022,APR009,Compras,Brindes e hospitalidade,401.96,Boleto,,Estornado
TX000024,2025-09-16,FOR0023,APR013,APR001,TI,Treinamento,21926.53,Transferência,CTR0023,Estornado
TX000025,2025-10-04,FOR0005,APR023,APR025,Logística,Marketing e eventos,41861.18,Boleto,,Pago
TX000026,2026-03-23,FOR0032,APR004,APR004,Logística,Serviços de TI,5293.39,Cartão corporativo,CTR0032,Pago
TX000027,2025-09-22,FOR0005,APR015,APR001,TI,Consultoria,38291.83,Cartão corporativo,,Estornado
TX000028,2025-11-12,FOR0023,APR003,APR020,Compras,Treinamento,157308.37,Pix,CTR0023,Pago
TX000029,2025-11-13,FOR0001,APR011,APR019,Compras,Consultoria,10545.39,Cartão corporativo,CTR0001,Pago
TX000030,2026-06-22,FOR0003,APR022,APR018,Compras,Viagens corporativas,7023.48,Transferência,CTR0003,Pendente
TX000031,2026-03-31,FOR0014,APR025,APR010,Logística,Consultoria,497829.74,Cartão corporativo,CTR0014,Pago
TX000032,2026-02-25,FOR0011,APR025,APR010,Logística,Licenças de software,641147.2,Cartão corporativo,CTR0011,Pago
TX000033,2025-07-21,FOR0016,APR004,APR004,Logística,Materiais e suprimentos,1339.25,Boleto,CTR0016,Pago
TX000034,2025-07-28,FOR0001,APR004,APR021,Operações,Brindes e hospitalidade,312.28,Transferência,CTR0001,Pago
TX000035,2025-10-16,FOR0036,APR021,APR005,Facilities,Frete e logística,107922.15,Pix,CTR0036,Pago
TX000036,2026-05-11,FOR0017,APR007,APR010,Logística,Materiais e suprimentos,686080.37,Boleto,,Pago
TX000037,2026-06-17,FOR0001,APR011,APR008,TI,Treinamento,2468.79,Boleto,CTR0001,Pago
TX000038,2025-09-06,FOR0032,APR010,APR009,Compras,Frete e logística,5101.06,Cartão corporativo,CTR0032,Pago
TX000039,2026-04-25,FOR0014,APR003,APR020,Compras,Brindes e hospitalidade,540.43,Cartão corporativo,CTR0014,Pago
TX000040,2026-04-18,FOR0032,APR009,APR020,Compras,Treinamento,7734.18,Pix,CTR0032,Pago
TX000041,2026-01-19,FOR0007,APR012,APR017,Marketing,Viagens corporativas,4625.53,Boleto,,Pago
TX000042,2026-01-15,FOR0032,APR004,APR011,Operações,Licenças de software,11776.87,Transferência,CTR0032,Pendente
TX000043,2025-10-06,FOR0002,APR002,APR022,Facilities,Consultoria,23432.19,Cartão corporativo,CTR0002,Pago
TX000044,2026-04-01,FOR0001,APR001,APR015,Operações,Treinamento,6588.05,Transferência,CTR0001,Pago
TX000045,2025-10-27,FOR0008,APR017,APR015,Operações,Marketing e eventos,2660.82,Boleto,CTR0008,Pago
TX000046,2025-11-14,FOR0005,APR001,APR020,Compras,Viagens corporativas,145789.13,Pix,,Pendente
TX000047,2025-10-23,FOR0015,APR024,APR005,Facilities,Licenças de software,42978.35,Pix,CTR0015,Pago
TX000048,2025-08-26,FOR0039,APR003,APR002,Jurídico,Utilidades,6068.17,Transferência,CTR0039,Pago
TX000049,2026-02-18,FOR0010,APR003,APR015,Operações,,23128.53,Pix,,Pago
TX000050,2026-03-28,FOR0007,APR016,APR021,Operações,Licenças de software,3049.95,Cartão corporativo,,Pago
TX000051,2025-12-08,FOR0006,APR002,APR008,TI,Serviços de TI,32230.05,Cartão corporativo,CTR0006,Pago
TX000052,2026-06-08,FOR0036,APR021,APR014,RH,Manutenção predial,910.72,Boleto,CTR0036,Pendente
TX000053,2025-11-24,FOR0013,APR020,APR008,TI,Brindes e hospitalidade,3264.48,Cartão corporativo,CTR0013,Pago
TX000054,2025-11-22,FOR0019,APR024,APR015,Operações,Serviços de TI,5347.3,Pix,CTR0019,Pendente
TX000055,2026-05-14,FOR0001,APR008,APR009,Compras,Brindes e hospitalidade,291.71,Boleto,CTR0001,Pago
TX000056,2025-09-22,FOR0001,APR014,APR021,Operações,Brindes e hospitalidade,5557.18,Cartão corporativo,CTR0001,Pendente
TX000057,2025-09-03,FOR0009,APR003,APR017,Marketing,Brindes e hospitalidade,819.89,Pix,CTR0009,Pago
TX000058,2026-01-05,FOR0004,APR020,APR018,Compras,Serviços de TI,6255.46,Transferência,,Estornado
TX000059,2025-11-24,FOR0025,APR024,APR022,Facilities,Treinamento,3844.77,Transferência,CTR0025,Pago
TX000060,2026-06-15,FOR0006,APR025,APR002,Jurídico,Licenças de software,17077.83,Boleto,CTR0006,Pago
TX000061,2025-12-27,FOR0031,APR008,APR014,RH,Marketing e eventos,15872.68,Cartão corporativo,,Pago
TX000062,2025-12-10,FOR0006,APR002,APR002,Jurídico,Brindes e hospitalidade,973.41,Boleto,CTR0006,Pago
TX000063,2025-11-11,FOR0027,APR001,APR003,TI,Frete e logística,30559.75,Boleto,CTR0027,Pago
TX000064,2025-07-01,FOR0032,APR011,APR018,Compras,Manutenção predial,21954.78,Pix,CTR0032,Pago
TX000065,2025-07-15,FOR0016,APR021,APR017,Marketing,Consultoria,1181.49,Cartão corporativo,CTR0016,Pendente
TX000066,2025-08-04,FOR0023,APR003,APR015,Operações,Viagens corporativas,4612.42,Boleto,CTR0023,Pago
TX000067,2026-06-20,FOR0033,APR004,APR009,Compras,Treinamento,4283.44,Boleto,CTR0033,Pago
TX000068,2025-10-31,FOR0015,APR023,APR014,RH,Viagens corporativas,1055.77,Pix,CTR0015,Pago
TX000069,2026-04-20,FOR0001,APR002,APR003,TI,Serviços de TI,71076.43,Transferência,CTR0001,Pago
TX000070,2026-03-09,FOR0036,APR020,APR014,RH,Materiais e suprimentos,5603.69,Boleto,CTR0036,Pago
TX000071,2026-05-04,FOR0006,APR021,APR004,Logística,Treinamento,4062.01,Cartão corporativo,CTR0006,Pago
TX000072,2025-07-28,FOR0014,APR014,APR001,TI,Consultoria,115565.05,Transferência,CTR0014,Pago
TX000073,2026-04-25,FOR0020,APR020,APR003,TI,Manutenção predial,133887.27,Boleto,CTR0020,Pago
TX000074,2025-08-20,FOR0013,APR017,APR025,Logística,Viagens corporativas,20891.99,Pix,CTR0013,Pago
TX000075,2025-10-31,FOR0019,APR005,APR017,Marketing,Materiais e suprimentos,14870.58,Pix,CTR0019,Pago
TX000076,2025-07-14,FOR0025,APR013,APR024,TI,Licenças de software,124248.67,Transferência,CTR0025,Pago
TX000077,2026-02-13,FOR0033,APR021,APR011,Operações,Marketing e eventos,10802.42,Transferência,CTR0033,Pendente
TX000078,2025-09-20,FOR0027,APR011,APR014,RH,Serviços de TI,2992.47,Boleto,CTR0027,Pago
TX000079,2025-09-09,FOR0040,APR020,APR025,Logística,Manutenção predial,7589.99,Boleto,CTR0040,Pago
TX000080,2025-12-01,FOR0027,APR021,APR025,Logística,Brindes e hospitalidade,987.61,Pix,CTR0027,Pago
TX000081,2025-11-16,FOR0002,APR021,APR021,Operações,Serviços de TI,4267.22,Transferência,CTR0002,Pendente
TX000082,2026-04-28,FOR0027,APR011,APR020,Compras,Materiais e suprimentos,149766.87,Transferência,CTR0027,Pago
TX000083,2026-02-02,FOR0036,APR016,APR015,Operações,Serviços de TI,1753.03,Cartão corporativo,CTR0036,Pago
TX000084,2025-08-11,FOR0036,APR011,APR012,RH,Treinamento,98239.28,Cartão corporativo,CTR0036,Pago
TX000085,2026-05-25,FOR0031,APR010,APR024,TI,Consultoria,402447.51,Transferência,,Pago
TX000086,2025-08-11,FOR0015,APR018,APR010,Logística,Utilidades,872397.76,Cartão corporativo,CTR0015,Pago
TX000087,2026-03-26,FOR0011,APR018,APR001,TI,Brindes e hospitalidade,2549.38,Transferência,CTR0011,Pendente
TX000088,2026-02-07,FOR0008,APR006,APR022,Facilities,Manutenção predial,38410.53,Boleto,CTR0008,Pago
TX000089,2025-12-29,FOR0039,APR007,APR015,Operações,Licenças de software,8890.37,Pix,CTR0039,Pago
TX000090,2025-07-21,FOR0024,APR009,APR015,Operações,Manutenção predial,7411.33,Transferência,CTR0024,Pendente
TX000091,2025-08-08,FOR0017,APR014,APR023,TI,Manutenção predial,8347.76,Pix,,Pago
TX000092,2025-08-12,FOR0019,APR011,APR012,RH,Frete e logística,4672.24,Boleto,CTR0019,Pago
TX000093,2025-07-02,FOR0010,APR003,APR005,Facilities,Manutenção predial,22109.96,Pix,,Pendente
TX000094,2026-03-05,FOR0006,APR005,APR004,Logística,,7345.09,Boleto,CTR0006,Pago
TX000095,2025-08-05,FOR0036,APR022,APR023,TI,,5335.97,Transferência,CTR0036,Pago
TX000096,2025-10-24,FOR0019,APR013,APR013,Facilities,Marketing e eventos,341384.49,Cartão corporativo,CTR0019,Pago
TX000097,2026-02-23,FOR0036,APR024,APR005,Facilities,Utilidades,36061.42,Transferência,CTR0036,Pendente
TX000098,2026-03-30,FOR0014,APR013,APR023,TI,Frete e logística,3040.36,Boleto,CTR0014,Pago
TX000099,2026-01-06,FOR0035,APR016,APR010,Logística,Serviços de TI,413256.24,Pix,,Pago
TX000100,2025-11-20,FOR0039,APR019,APR012,RH,Viagens corporativas,96177.86,Cartão corporativo,CTR0039,Pago
TX000101,2026-02-02,FOR0009,APR021,APR010,Logística,Consultoria,674132.96,Transferência,CTR0009,Estornado
TX000102,2026-02-07,FOR0024,APR023,APR003,TI,Utilidades,9605.31,Cartão corporativo,CTR0024,Pago
TX000103,2025-12-01,FOR0028,APR014,APR012,RH,Brindes e hospitalidade,608.01,Transferência,CTR0028,Pago
TX000104,2025-11-17,FOR0019,APR021,APR001,TI,Serviços de TI,12713.04,Boleto,CTR0019,Estornado
TX000105,2025-07-28,FOR0016,APR024,APR004,Logística,Brindes e hospitalidade,987.65,Cartão corporativo,CTR0016,Pago
TX000106,2025-10-22,FOR0035,APR005,APR006,Marketing,Consultoria,6461.31,Cartão corporativo,,Pago
TX000107,2026-01-19,FOR0028,APR018,APR015,Operações,Serviços de TI,9196.36,Transferência,CTR0028,Pendente
TX000108,2026-04-20,FOR0022,APR022,APR005,Facilities,Licenças de software,40508.21,Pix,CTR0022,Estornado
TX000109,2026-03-16,FOR0006,APR012,APR017,Marketing,Marketing e eventos,3103.95,Cartão corporativo,CTR0006,Pendente
TX000110,2025-09-09,FOR0008,APR020,APR007,TI,Treinamento,23615.79,Cartão corporativo,CTR0008,Pago
TX000111,2026-01-22,FOR0001,APR020,APR019,Compras,Utilidades,12909.52,Cartão corporativo,CTR0001,Pago
TX000112,2026-02-03,FOR0039,APR021,APR021,Operações,Viagens corporativas,856.76,Cartão corporativo,CTR0039,Pago
TX000113,2025-08-18,FOR0036,APR018,APR020,Compras,Consultoria,27537.91,Cartão corporativo,CTR0036,Pago
TX000114,2026-04-14,FOR0014,APR011,APR015,Operações,Treinamento,8864.17,Boleto,CTR0014,Pago
TX000115,2026-04-17,FOR0014,APR007,APR016,Operações,Serviços de TI,4749.0,Pix,CTR0014,Pago
TX000116,2025-12-29,FOR0023,APR025,APR020,Compras,Materiais e suprimentos,81567.0,Pix,CTR0023,Pago
TX000117,2026-06-08,FOR0025,APR021,APR002,Jurídico,Viagens corporativas,7079.64,Transferência,CTR0025,Pago
TX000118,2025-07-14,FOR0029,APR002,APR013,Facilities,Manutenção predial,478210.26,Pix,,Pago
TX000119,2026-04-22,FOR0024,APR010,APR017,Marketing,Treinamento,3736.59,Pix,CTR0024,Pendente
TX000120,2026-06-10,FOR0001,APR025,APR023,TI,Utilidades,16539.83,Cartão corporativo,CTR0001,Pago
TX000121,2026-01-05,FOR0027,APR020,APR021,Operações,Materiais e suprimentos,1734.61,Transferência,CTR0027,Pago
TX000122,2026-02-19,FOR0001,APR021,APR019,Compras,Viagens corporativas,32072.51,Transferência,CTR0001,Pago
TX000123,2026-03-23,FOR0016,APR015,APR023,TI,Utilidades,3591.42,Cartão corporativo,CTR0016,Pago
TX000124,2025-10-07,FOR0017,APR024,APR020,Compras,Frete e logística,180806.85,Pix,,Pago
TX000125,2025-12-16,FOR0037,APR014,APR012,RH,Serviços de TI,25443.59,Cartão corporativo,,Pendente
TX000126,2025-11-10,FOR0016,APR019,APR002,Jurídico,Utilidades,4511.71,Boleto,CTR0016,Pago
TX000127,2026-02-21,FOR0012,APR012,APR004,Logística,Licenças de software,2295.53,Transferência,CTR0012,Pago
TX000128,2026-05-22,FOR0030,APR003,APR018,Compras,Brindes e hospitalidade,375.47,Transferência,CTR0030,Pago
TX000129,2025-07-12,FOR0004,APR011,APR006,Marketing,Viagens corporativas,9384.02,Transferência,,Pago
TX000130,2025-12-09,FOR0029,APR004,APR011,Operações,Manutenção predial,4412.19,Cartão corporativo,,Pago
TX000131,2026-01-27,FOR0039,APR013,APR023,TI,Utilidades,1779.45,Transferência,CTR0039,Pago
TX000132,2025-11-24,FOR0012,APR012,APR006,Marketing,,21103.1,Cartão corporativo,CTR0012,Pago
TX000133,2025-12-01,FOR0032,APR024,APR021,Operações,Marketing e eventos,6374.66,Cartão corporativo,CTR0032,Pago
TX000134,2026-05-29,FOR0008,APR019,APR012,RH,Brindes e hospitalidade,3791.25,Transferência,CTR0008,Pago
TX000135,2026-03-24,FOR0003,APR020,APR017,Marketing,Serviços de TI,18440.91,Pix,CTR0003,Pago
TX000136,2026-02-11,FOR0023,APR015,APR004,Logística,Licenças de software,700.72,Cartão corporativo,CTR0023,Pago
TX000137,2026-03-27,FOR0007,APR003,APR024,TI,Frete e logística,12152.16,Transferência,,Estornado
TX000138,2025-12-31,FOR0010,APR014,APR016,Operações,Manutenção predial,9005.0,Pix,,Pago
TX000139,2025-10-15,FOR0036,APR005,APR013,Facilities,Consultoria,2489627.83,Cartão corporativo,CTR0036,Pago
TX000140,2025-08-23,FOR0025,APR025,APR015,Operações,Frete e logística,3315.44,Transferência,CTR0025,Pago
TX000141,2026-02-02,FOR0002,APR014,APR008,TI,Utilidades,3190.43,Transferência,CTR0002,Pago
TX000142,2025-10-22,FOR0040,APR012,APR005,Facilities,Treinamento,27906.3,Boleto,CTR0040,Pago
TX000143,2026-05-18,FOR0027,APR012,APR014,RH,Manutenção predial,4044.81,Cartão corporativo,CTR0027,Pendente
TX000144,2025-09-04,FOR0019,APR024,APR023,TI,Licenças de software,7844.07,Pix,CTR0019,Pendente
TX000145,2026-03-24,FOR0012,APR003,APR014,RH,Consultoria,8500.03,Cartão corporativo,CTR0012,Pago
TX000146,2025-11-25,FOR0003,APR011,APR013,Facilities,Treinamento,522965.43,Boleto,CTR0003,Pago
TX000147,2025-11-14,FOR0036,APR011,APR024,TI,Treinamento,75393.77,Cartão corporativo,CTR0036,Pago
TX000148,2025-10-14,FOR0023,APR010,APR010,Logística,Brindes e hospitalidade,2633.32,Pix,CTR0023,Pago
TX000149,2026-03-02,FOR0019,APR009,APR010,Logística,Frete e logística,609147.17,Pix,CTR0019,Pago
TX000150,2025-07-23,FOR0007,APR022,APR015,Operações,Licenças de software,8452.09,Transferência,,Pendente
TX000151,2026-03-09,FOR0001,APR022,APR022,Facilities,Utilidades,32822.63,Pix,CTR0001,Pago
TX000152,2026-03-09,FOR0025,APR001,APR022,Facilities,Materiais e suprimentos,13363.33,Boleto,CTR0025,Pago
TX000153,2025-12-31,FOR0012,APR003,APR004,Logística,Licenças de software,3389.97,Boleto,CTR0012,Pago
TX000154,2026-02-21,FOR0003,APR018,APR023,TI,Utilidades,1041.5,Boleto,CTR0003,Pago
TX000155,2026-04-09,FOR0039,APR024,APR003,TI,Serviços de TI,169447.4,Transferência,CTR0039,Pago
TX000156,2025-09-04,FOR0031,APR019,APR022,Facilities,Manutenção predial,15151.81,Pix,,Pago
TX000157,2025-09-02,FOR0027,APR025,APR003,TI,Viagens corporativas,101301.24,Transferência,CTR0027,Pago
TX000158,2025-12-07,FOR0006,APR013,APR017,Marketing,Serviços de TI,7121.05,Pix,CTR0006,Pago
TX000159,2025-10-27,FOR0019,APR010,APR016,Operações,Utilidades,3620.65,Boleto,CTR0019,Pago
TX000160,2025-11-08,FOR0034,APR012,APR013,Facilities,Consultoria,1057533.07,Pix,CTR0034,Pago
TX000161,2026-01-10,FOR0006,APR011,APR015,Operações,,1037.58,Transferência,CTR0006,Pago
TX000162,2026-03-02,FOR0010,APR009,APR024,TI,Manutenção predial,34510.31,Cartão corporativo,,Pago
TX000163,2025-08-18,FOR0018,APR016,APR014,RH,Frete e logística,4662.22,Pix,,Pago
TX000164,2025-11-24,FOR0015,APR005,APR011,Operações,Viagens corporativas,7935.58,Boleto,CTR0015,Estornado
TX000165,2025-11-13,FOR0018,APR013,APR016,Operações,Utilidades,5382.91,Transferência,,Pago
TX000166,2026-02-02,FOR0007,APR007,APR019,Compras,Licenças de software,105222.97,Transferência,,Pendente
TX000167,2026-04-27,FOR0014,APR016,APR014,RH,Utilidades,4008.15,Pix,CTR0014,Pago
TX000168,2026-05-25,FOR0007,APR008,APR018,Compras,Licenças de software,8429.61,Transferência,,Pago
TX000169,2025-11-03,FOR0019,APR019,APR019,Compras,Consultoria,20370.5,Boleto,CTR0019,Pago
TX000170,2026-01-21,FOR0032,APR010,APR015,Operações,Licenças de software,9179.32,Boleto,CTR0032,Pago
TX000171,2025-07-28,FOR0011,APR011,APR012,RH,Consultoria,20717.47,Transferência,CTR0011,Pendente
TX000172,2026-02-16,FOR0032,APR015,APR001,TI,Frete e logística,25835.96,Boleto,CTR0032,Pago
TX000173,2025-10-10,FOR0001,APR006,APR006,Marketing,Frete e logística,20329.88,Transferência,CTR0001,Pago
TX000174,2026-05-18,FOR0016,APR017,APR019,Compras,Frete e logística,12805.9,Pix,CTR0016,Pago
TX000175,2026-04-25,FOR0036,APR021,APR019,Compras,Treinamento,31311.5,Transferência,CTR0036,Pago
TX000176,2026-02-27,FOR0033,APR006,APR008,TI,Viagens corporativas,7204.03,Boleto,CTR0033,Pago
TX000177,2026-04-06,FOR0009,APR013,APR018,Compras,Brindes e hospitalidade,525.84,Pix,CTR0009,Pago
TX000178,2025-10-16,FOR0009,APR014,APR014,RH,Materiais e suprimentos,2184.77,Pix,CTR0009,Pago
TX000179,2026-03-27,FOR0025,APR012,APR019,Compras,Treinamento,108695.69,Pix,CTR0025,Pago
TX000180,2025-08-06,FOR0034,APR012,APR018,Compras,Frete e logística,9193.81,Boleto,CTR0034,Estornado
TX000181,2025-10-06,FOR0016,APR008,APR007,TI,Treinamento,8469.17,Cartão corporativo,CTR0016,Pago
TX000182,2025-08-11,FOR0033,APR023,APR020,Compras,Treinamento,158443.03,Pix,CTR0033,Pago
TX000183,2026-01-12,FOR0007,APR023,APR002,Jurídico,Manutenção predial,6602.55,Cartão corporativo,,Pago
TX000184,2026-02-10,FOR0030,APR012,APR021,Operações,Serviços de TI,6948.22,Transferência,CTR0030,Pago
TX000185,2025-10-09,FOR0022,APR014,APR025,Logística,Consultoria,36805.51,Cartão corporativo,CTR0022,Pago
TX000186,2025-07-01,FOR0023,APR016,APR011,Operações,Utilidades,613.49,Pix,CTR0023,Pendente
TX000187,2025-08-11,FOR0010,APR009,APR015,Operações,Manutenção predial,2916.79,Cartão corporativo,,Pago
TX000188,2026-02-22,FOR0019,APR007,APR022,Facilities,Frete e logística,5103.96,Pix,CTR0019,Pago
TX000189,2025-08-16,FOR0007,APR004,APR001,TI,Viagens corporativas,22496.51,Cartão corporativo,,Pago
TX000190,2026-05-21,FOR0007,APR005,APR005,Facilities,Utilidades,90961.85,Boleto,,Pago
TX000191,2026-01-05,FOR0031,APR019,APR021,Operações,Frete e logística,11956.74,Boleto,,Pago
TX000192,2026-05-26,FOR0025,APR008,APR008,TI,Treinamento,43357.57,Boleto,CTR0025,Pago
TX000193,2025-07-29,FOR0039,APR020,APR024,TI,Frete e logística,24293.86,Cartão corporativo,CTR0039,Estornado
TX000194,2025-07-01,FOR0036,APR003,APR011,Operações,Utilidades,4439.13,Boleto,CTR0036,Pago
TX000195,2025-08-04,FOR0021,APR014,APR002,Jurídico,Utilidades,7103.99,Boleto,,Pago
TX000196,2026-05-13,FOR0001,APR020,APR009,Compras,Frete e logística,1598.39,Transferência,CTR0001,Pago
TX000197,2025-11-28,FOR0012,APR002,APR010,Logística,Serviços de TI,124387.92,Boleto,CTR0012,Pago
TX000198,2025-11-03,FOR0003,APR025,APR004,Logística,Manutenção predial,3320.35,Cartão corporativo,CTR0003,Pago
TX000199,2026-05-10,FOR0001,APR019,APR024,TI,Viagens corporativas,15496.96,Cartão corporativo,CTR0001,Pago
TX000200,2026-03-14,FOR0016,APR025,APR002,Jurídico,Serviços de TI,6267.08,Transferência,CTR0016,Pendente
TX000201,2026-05-25,FOR0007,APR008,APR008,TI,Manutenção predial,44215.4,Pix,,Pago
TX000202,2025-07-16,FOR0031,APR017,APR024,TI,Licenças de software,13480.99,Pix,,Pago
TX000203,2026-05-07,FOR0003,APR025,APR010,Logística,Materiais e suprimentos,282435.58,Pix,CTR0003,Pago
TX000204,2026-03-27,FOR0025,APR025,APR025,Logística,Frete e logística,42957.89,Transferência,CTR0025,Pendente
TX000205,2025-07-23,FOR0010,APR017,APR011,Operações,Marketing e eventos,18182.31,Cartão corporativo,,Pago
TX000206,2025-08-05,FOR0003,APR025,APR003,TI,Licenças de software,165204.03,Pix,CTR0003,Pago
TX000207,2026-06-16,FOR0032,APR014,APR003,TI,Frete e logística,157164.47,Pix,CTR0032,Pago
TX000208,2026-01-19,FOR0007,APR012,APR009,Compras,Treinamento,12032.04,Boleto,,Pago
TX000209,2025-12-08,FOR0006,APR007,APR015,Operações,Utilidades,6542.34,Cartão corporativo,CTR0006,Pago
TX000210,2026-03-31,FOR0013,APR025,APR013,Facilities,Manutenção predial,1636368.73,Boleto,CTR0013,Pago
TX000211,2026-04-20,FOR0003,APR020,APR004,Logística,Viagens corporativas,5872.68,Transferência,CTR0003,Pendente
TX000212,2026-04-13,FOR0039,APR003,APR003,TI,Consultoria,483261.39,Pix,CTR0039,Pago
TX000213,2026-05-06,FOR0016,APR021,APR001,TI,Manutenção predial,21070.51,Pix,CTR0016,Pago
TX000214,2026-05-11,FOR0003,APR008,APR014,RH,Manutenção predial,5983.87,Transferência,CTR0003,Pago
TX000215,2025-07-07,FOR0025,APR006,APR013,Facilities,Consultoria,472153.93,Cartão corporativo,CTR0025,Pago
TX000216,2026-03-23,FOR0016,APR010,APR002,Jurídico,Frete e logística,1101.21,Transferência,CTR0016,Pendente
TX000217,2025-12-23,FOR0039,APR023,APR025,Logística,Manutenção predial,27663.38,Cartão corporativo,CTR0039,Pago
TX000218,2026-03-19,FOR0011,APR001,APR019,Compras,Brindes e hospitalidade,1375.22,Boleto,CTR0011,Pago
TX000219,2025-08-18,FOR0039,APR006,APR005,Facilities,Consultoria,63209.12,Transferência,CTR0039,Pendente
TX000220,2026-05-18,FOR0027,APR015,APR012,RH,Marketing e eventos,44913.73,Boleto,CTR0027,Pago
TX000221,2026-06-10,FOR0028,APR025,APR023,TI,Frete e logística,7530.09,Transferência,CTR0028,Pago
TX000222,2025-10-14,FOR0036,APR020,APR023,TI,Materiais e suprimentos,3063.95,Pix,CTR0036,Pago
TX000223,2026-05-18,FOR0016,APR023,APR005,Facilities,Manutenção predial,44338.58,Transferência,CTR0016,Pago
TX000224,2025-09-16,FOR0016,APR015,APR009,Compras,Serviços de TI,633.33,Pix,CTR0016,Pago
TX000225,2025-07-10,FOR0023,APR003,APR012,RH,Treinamento,31922.22,Transferência,CTR0023,Pago
TX000226,2026-02-25,FOR0007,APR021,APR003,TI,Licenças de software,180047.47,Boleto,,Pago
TX000227,2025-11-05,FOR0006,APR018,APR020,Compras,Frete e logística,103740.24,Transferência,CTR0006,Pago
TX000228,2026-04-27,FOR0023,APR022,APR002,Jurídico,Consultoria,11770.61,Boleto,CTR0023,Pago
TX000229,2025-08-08,FOR0026,APR010,APR006,Marketing,Marketing e eventos,22192.5,Cartão corporativo,,Pago
TX000230,2026-06-15,FOR0013,APR013,APR013,Facilities,Marketing e eventos,261705.79,Cartão corporativo,CTR0013,Pago
TX000231,2026-04-13,FOR0012,APR016,APR018,Compras,Viagens corporativas,3967.69,Transferência,CTR0012,Pago
TX000232,2026-02-09,FOR0024,APR004,APR013,Facilities,Licenças de software,629781.4,Boleto,CTR0024,Estornado
TX000233,2025-11-03,FOR0036,APR021,APR007,TI,Utilidades,45877.12,Transferência,CTR0036,Pago
TX000234,2026-04-20,FOR0015,APR021,APR003,TI,Licenças de software,161223.93,Pix,CTR0015,Pago
TX000235,2026-01-19,FOR0016,APR013,APR005,Facilities,Treinamento,36358.55,Pix,CTR0016,Pago
TX000236,2025-07-18,FOR0028,APR009,APR002,Jurídico,Viagens corporativas,23398.83,Cartão corporativo,CTR0028,Pendente
TX000237,2026-02-04,FOR0017,APR025,APR001,TI,Brindes e hospitalidade,289.72,Pix,,Pago
TX000238,2026-03-13,FOR0011,APR002,APR020,Compras,Viagens corporativas,140708.79,Pix,CTR0011,Pago
TX000239,2025-07-09,FOR0027,APR009,APR005,Facilities,,38481.85,Boleto,CTR0027,Pendente
TX000240,2025-09-22,FOR0019,APR016,APR009,Compras,Serviços de TI,2377.44,Cartão corporativo,CTR0019,Pago
TX000241,2025-10-10,FOR0037,APR020,APR012,RH,Serviços de TI,18395.46,Boleto,,Pago
TX000242,2025-06-27,FOR0036,APR021,APR009,Compras,Utilidades,23716.97,Cartão corporativo,CTR0036,Pago
TX000243,2026-05-08,FOR0020,APR017,APR023,TI,Consultoria,2163.88,Cartão corporativo,CTR0020,Pago
TX000244,2026-05-22,FOR0014,APR024,APR018,Compras,Brindes e hospitalidade,872.57,Boleto,CTR0014,Pago
TX000245,2025-11-03,FOR0031,APR011,APR002,Jurídico,Consultoria,6691.55,Transferência,,Pago
TX000246,2025-12-23,FOR0011,APR023,APR019,Compras,Frete e logística,29724.11,Boleto,CTR0011,Pendente
TX000247,2026-05-24,FOR0003,APR012,APR010,Logística,Licenças de software,184761.52,Cartão corporativo,CTR0003,Pago
TX000248,2026-02-19,FOR0013,APR003,APR014,RH,Brindes e hospitalidade,616.89,Pix,CTR0013,Pago
TX000249,2025-09-04,FOR0008,APR015,APR017,Marketing,Frete e logística,9084.72,Transferência,CTR0008,Pago
TX000250,2025-09-12,FOR0018,APR020,APR016,Operações,Materiais e suprimentos,2084.44,Transferência,,Pago
TX000251,2025-12-04,FOR0019,APR005,APR005,Facilities,Brindes e hospitalidade,2928.2,Transferência,CTR0019,Pago
TX000252,2025-09-20,FOR0003,APR010,APR022,Facilities,Consultoria,5621.87,Cartão corporativo,CTR0003,Pago
TX000253,2025-09-29,FOR0015,APR012,APR015,Operações,Utilidades,3284.6,Pix,CTR0015,Pendente
TX000254,2025-07-14,FOR0008,APR022,APR001,TI,Materiais e suprimentos,8604.31,Transferência,CTR0008,Pago
TX000255,2025-10-30,FOR0030,APR018,APR020,Compras,Materiais e suprimentos,79019.6,Transferência,CTR0030,Pago
TX000256,2026-05-09,FOR0024,APR018,APR010,Logística,Treinamento,396943.18,Transferência,CTR0024,Pago
TX000257,2026-03-04,FOR0013,APR019,APR016,Operações,Frete e logística,3887.81,Pix,CTR0013,Pago
TX000258,2025-07-31,FOR0003,APR018,APR011,Operações,Treinamento,1542.3,Cartão corporativo,CTR0003,Pago
TX000259,2025-11-18,FOR0017,APR021,APR021,Operações,Materiais e suprimentos,13033.18,Pix,,Pago
TX000260,2026-05-07,FOR0016,APR015,APR024,TI,,397687.6,Cartão corporativo,CTR0016,Pago
TX000261,2025-08-19,FOR0022,APR006,APR011,Operações,Viagens corporativas,4504.21,Boleto,CTR0022,Pago
TX000262,2025-08-28,FOR0039,APR025,APR004,Logística,Brindes e hospitalidade,1241.2,Pix,CTR0039,Pago
TX000263,2026-04-08,FOR0007,APR020,APR015,Operações,Materiais e suprimentos,6301.36,Cartão corporativo,,Estornado
TX000264,2026-04-06,FOR0006,APR005,APR017,Marketing,Frete e logística,6173.4,Transferência,CTR0006,Pago
TX000265,2025-07-18,FOR0023,APR009,APR021,Operações,Manutenção predial,17628.9,Pix,CTR0023,Pago
TX000266,2025-08-14,FOR0022,APR001,APR013,Facilities,Brindes e hospitalidade,5905.29,Transferência,CTR0022,Pago
TX000267,2025-12-26,FOR0035,APR012,APR003,TI,Licenças de software,121827.28,Pix,,Pendente
TX000268,2025-06-24,FOR0023,APR008,APR011,Operações,Consultoria,1226.21,Cartão corporativo,CTR0023,Pendente
TX000269,2025-08-25,FOR0002,APR007,APR018,Compras,Brindes e hospitalidade,178.4,Pix,CTR0002,Pago
TX000270,2026-02-12,FOR0020,APR016,APR007,TI,,31246.38,Boleto,CTR0020,Estornado
TX000271,2026-06-12,FOR0001,APR006,APR016,Operações,Viagens corporativas,4546.39,Boleto,CTR0001,Pago
TX000272,2025-11-10,FOR0015,APR009,APR004,Logística,Viagens corporativas,5680.94,Cartão corporativo,CTR0015,Pago
TX000273,2026-04-02,FOR0028,APR024,APR015,Operações,Licenças de software,6513.45,Cartão corporativo,CTR0028,Pago
TX000274,2025-12-22,FOR0033,APR004,APR022,Facilities,Manutenção predial,32244.04,Pix,CTR0033,Pago
TX000275,2025-09-06,FOR0017,APR022,APR022,Facilities,Viagens corporativas,24522.85,Cartão corporativo,,Pago
TX000276,2025-12-23,FOR0035,APR002,APR025,Logística,Materiais e suprimentos,14281.33,Boleto,,Pago
TX000277,2026-06-08,FOR0024,APR014,APR024,TI,Marketing e eventos,12456.38,Transferência,CTR0024,Pago
TX000278,2026-04-27,FOR0036,APR018,APR024,TI,Brindes e hospitalidade,675.82,Boleto,CTR0036,Pago
TX000279,2025-11-12,FOR0005,APR010,APR010,Logística,Manutenção predial,127418.43,Cartão corporativo,,Pago
TX000280,2026-05-04,FOR0008,APR022,APR001,TI,,27859.61,Cartão corporativo,CTR0008,Pago
TX000281,2026-01-17,FOR0012,APR019,APR003,TI,Licenças de software,356490.7,Boleto,CTR0012,Pago
TX000282,2025-06-28,FOR0011,APR021,APR022,Facilities,Treinamento,45848.4,Boleto,CTR0011,Pago
TX000283,2026-03-26,FOR0002,APR009,APR021,Operações,Consultoria,7365.86,Cartão corporativo,CTR0002,Pago
TX000284,2026-03-25,FOR0002,APR006,APR017,Marketing,Utilidades,4825.05,Boleto,CTR0002,Pago
TX000285,2026-02-02,FOR0032,APR025,APR022,Facilities,Serviços de TI,38293.69,Boleto,CTR0032,Estornado
TX000286,2025-11-03,FOR0003,APR009,APR001,TI,Manutenção predial,26113.79,Pix,CTR0003,Pago
TX000287,2026-06-16,FOR0006,APR002,APR014,RH,Utilidades,769.14,Transferência,CTR0006,Pago
TX000288,2026-01-09,FOR0003,APR025,APR010,Logística,Brindes e hospitalidade,1865.99,Cartão corporativo,CTR0003,Pendente
TX000289,2026-04-13,FOR0036,APR001,APR021,Operações,Materiais e suprimentos,5195.63,Transferência,CTR0036,Pago
TX000290,2025-10-14,FOR0034,APR006,APR010,Logística,Viagens corporativas,786312.97,Transferência,CTR0034,Pago
TX000291,2025-11-01,FOR0002,APR003,APR006,Marketing,Licenças de software,25734.91,Pix,CTR0002,Pago
TX000292,2026-05-04,FOR0012,APR012,APR011,Operações,Treinamento,13305.73,Boleto,CTR0012,Pago
TX000293,2025-11-11,FOR0021,APR014,APR019,Compras,Consultoria,10968.66,Cartão corporativo,,Pago
TX000294,2026-03-25,FOR0014,APR005,APR016,Operações,Serviços de TI,5659.65,Transferência,CTR0014,Pago
TX000295,2025-10-09,FOR0001,APR019,APR024,TI,Utilidades,378748.24,Pix,CTR0001,Pago
TX000296,2025-08-08,FOR0012,APR017,APR021,Operações,Treinamento,2818.99,Boleto,CTR0012,Pago
TX000297,2026-02-25,FOR0008,APR005,APR020,Compras,Manutenção predial,105846.26,Pix,CTR0008,Pago
TX000298,2026-02-10,FOR0007,APR017,APR008,TI,Utilidades,41847.67,Cartão corporativo,,Pago
TX000299,2025-12-29,FOR0040,APR014,APR004,Logística,Marketing e eventos,5331.44,Transferência,CTR0040,Pendente
TX000300,2025-06-26,FOR0010,APR021,APR017,Marketing,Consultoria,3305.29,Boleto,,Pago
TX000301,2025-10-20,FOR0007,APR023,APR008,TI,Manutenção predial,28090.91,Transferência,,Pago
TX000302,2025-09-01,FOR0027,APR006,APR016,Operações,Viagens corporativas,11125.59,Boleto,CTR0027,Pago
TX000303,2026-05-27,FOR0029,APR025,APR002,Jurídico,Treinamento,5938.6,Boleto,,Estornado
TX000304,2026-05-08,FOR0023,APR006,APR015,Operações,Viagens corporativas,7351.54,Cartão corporativo,CTR0023,Pago
TX000305,2026-01-23,FOR0019,APR023,APR015,Operações,Serviços de TI,18079.31,Boleto,CTR0019,Pago
TX000306,2025-06-23,FOR0039,APR019,APR016,Operações,Serviços de TI,20061.19,Pix,CTR0039,Pago
TX000307,2026-04-20,FOR0037,APR012,APR017,Marketing,Frete e logística,4539.11,Transferência,,Pendente
TX000308,2025-06-25,FOR0036,APR007,APR014,RH,Serviços de TI,8090.9,Transferência,CTR0036,Pendente
TX000309,2025-10-30,FOR0003,APR020,APR017,Marketing,Consultoria,1159.25,Cartão corporativo,CTR0003,Pago
TX000310,2026-02-25,FOR0036,APR018,APR020,Compras,Licenças de software,90844.2,Cartão corporativo,CTR0036,Pago
TX000311,2026-03-10,FOR0032,APR007,APR025,Logística,Frete e logística,32469.01,Transferência,CTR0032,Pago
TX000312,2025-10-14,FOR0039,APR010,APR006,Marketing,Manutenção predial,28011.04,Pix,CTR0039,Pago
TX000313,2025-06-30,FOR0033,APR016,APR013,Facilities,Materiais e suprimentos,758205.86,Cartão corporativo,CTR0033,Pago
TX000314,2025-06-23,FOR0036,APR022,APR007,TI,Frete e logística,31331.1,Cartão corporativo,CTR0036,Pago
TX000315,2025-11-17,FOR0019,APR018,APR025,Logística,Licenças de software,103512.59,Cartão corporativo,CTR0019,Pago
TX000316,2026-03-09,FOR0028,APR003,APR012,RH,Brindes e hospitalidade,3094.96,Cartão corporativo,CTR0028,Estornado
TX000317,2026-06-08,FOR0033,APR015,APR018,Compras,Viagens corporativas,7129.7,Transferência,CTR0033,Pago
TX000318,2026-03-16,FOR0016,APR012,APR016,Operações,Frete e logística,2269.37,Cartão corporativo,CTR0016,Pago
TX000319,2026-04-13,FOR0034,APR007,APR008,TI,Serviços de TI,9031.86,Boleto,CTR0034,Estornado
TX000320,2025-09-10,FOR0012,APR012,APR016,Operações,Frete e logística,7714.46,Transferência,CTR0012,Pago
TX000321,2026-03-02,FOR0001,APR011,APR022,Facilities,Licenças de software,39160.48,Cartão corporativo,CTR0001,Pendente
TX000322,2026-02-23,FOR0024,APR014,APR016,Operações,Frete e logística,1354.21,Cartão corporativo,CTR0024,Pago
TX000323,2025-10-08,FOR0022,APR013,APR013,Facilities,Licenças de software,640289.49,Cartão corporativo,CTR0022,Pago
TX000324,2025-12-26,FOR0013,APR012,APR020,Compras,Brindes e hospitalidade,3177.32,Boleto,CTR0013,Pago
TX000325,2025-09-05,FOR0016,APR007,APR019,Compras,Marketing e eventos,25990.3,Pix,CTR0016,Pago
TX000326,2025-07-17,FOR0030,APR020,APR001,TI,Consultoria,14501.54,Transferência,CTR0030,Pago
TX000327,2025-12-20,FOR0030,APR010,APR007,TI,Consultoria,17213.8,Boleto,CTR0030,Pago
TX000328,2026-02-06,FOR0009,APR025,APR019,Compras,Marketing e eventos,31293.68,Cartão corporativo,CTR0009,Pago
TX000329,2025-08-04,FOR0009,APR003,APR015,Operações,Consultoria,5710.79,Cartão corporativo,CTR0009,Pago
TX000330,2025-09-25,FOR0030,APR006,APR021,Operações,Brindes e hospitalidade,559.26,Boleto,CTR0030,Pago
TX000331,2026-04-04,FOR0034,APR016,APR022,Facilities,Manutenção predial,5299.92,Transferência,CTR0034,Pago
TX000332,2025-08-26,FOR0030,APR022,APR004,Logística,Viagens corporativas,2426.57,Transferência,CTR0030,Pendente
TX000333,2026-03-26,FOR0018,APR024,APR002,Jurídico,Brindes e hospitalidade,3279.74,Pix,,Pago
TX000334,2025-09-10,FOR0016,APR009,APR017,Marketing,Frete e logística,4176.74,Boleto,CTR0016,Pago
TX000335,2025-12-31,FOR0033,APR019,APR012,RH,Brindes e hospitalidade,629.24,Pix,CTR0033,Pendente
TX000336,2026-05-04,FOR0030,APR018,APR013,Facilities,Viagens corporativas,91288.76,Cartão corporativo,CTR0030,Pago
TX000337,2026-02-09,FOR0021,APR020,APR021,Operações,Serviços de TI,2806.36,Boleto,,Pago
TX000338,2026-02-02,FOR0001,APR024,APR011,Operações,Materiais e suprimentos,1120.46,Boleto,CTR0001,Pago
TX000339,2025-07-21,FOR0014,APR006,APR001,TI,Brindes e hospitalidade,383.83,Pix,CTR0014,Pago
TX000340,2025-10-27,FOR0021,APR016,APR006,Marketing,Serviços de TI,33160.71,Pix,,Pago
TX000341,2025-07-14,FOR0011,APR025,APR024,TI,Utilidades,172518.74,Transferência,CTR0011,Pago
TX000342,2025-06-30,FOR0016,APR012,APR009,Compras,Utilidades,1216.36,Transferência,CTR0016,Pago
TX000343,2026-05-05,FOR0002,APR023,APR013,Facilities,Brindes e hospitalidade,308.82,Transferência,CTR0002,Estornado
TX000344,2025-12-17,FOR0025,APR022,APR002,Jurídico,Manutenção predial,3050.66,Boleto,CTR0025,Pago
TX000345,2026-03-02,FOR0008,APR024,APR001,TI,Materiais e suprimentos,20687.5,Cartão corporativo,CTR0008,Pago
TX000346,2026-03-27,FOR0040,APR009,APR011,Operações,Licenças de software,4980.24,Pix,CTR0040,Pago
TX000347,2025-09-29,FOR0016,APR013,APR024,TI,Frete e logística,15401.52,Boleto,CTR0016,Pago
TX000348,2025-07-09,FOR0015,APR006,APR020,Compras,Licenças de software,11879.91,Transferência,CTR0015,Pago
TX000349,2025-08-02,FOR0035,APR021,APR002,Jurídico,Treinamento,2503.45,Pix,,Pendente
TX000350,2026-05-04,FOR0016,APR003,APR003,TI,Viagens corporativas,146964.92,Transferência,CTR0016,Pago
TX000351,2026-03-19,FOR0003,APR007,APR010,Logística,Serviços de TI,1384976.1,Boleto,CTR0003,Pago
TX000352,2025-09-16,FOR0006,APR004,APR018,Compras,Treinamento,4328.49,Cartão corporativo,CTR0006,Pago
TX000353,2026-05-13,FOR0026,APR014,APR022,Facilities,Consultoria,45858.26,Boleto,,Pago
TX000354,2025-07-10,FOR0025,APR001,APR019,Compras,Marketing e eventos,21358.16,Boleto,CTR0025,Pago
TX000355,2026-04-02,FOR0003,APR009,APR010,Logística,Consultoria,2241812.89,Boleto,CTR0003,Pago
TX000356,2025-08-11,FOR0007,APR011,APR004,Logística,Marketing e eventos,5439.4,Boleto,,Pago
TX000357,2026-04-23,FOR0007,APR004,APR024,TI,Manutenção predial,165824.34,Pix,,Pago
TX000358,2026-05-25,FOR0018,APR009,APR003,TI,Viagens corporativas,160209.6,Pix,,Pendente
TX000359,2026-01-12,FOR0025,APR002,APR002,Jurídico,Consultoria,2187.17,Transferência,CTR0025,Pago
TX000360,2025-08-05,FOR0007,APR010,APR008,TI,Serviços de TI,34539.18,Boleto,,Pago
TX000361,2025-10-27,FOR0016,APR017,APR025,Logística,Utilidades,26252.54,Pix,CTR0016,Pago
TX000362,2025-07-07,FOR0006,APR022,APR011,Operações,Viagens corporativas,1914.41,Cartão corporativo,CTR0006,Pago
TX000363,2025-08-09,FOR0031,APR005,APR020,Compras,Materiais e suprimentos,46028.13,Boleto,,Pago
TX000364,2026-03-30,FOR0001,APR009,APR010,Logística,Brindes e hospitalidade,267.5,Boleto,CTR0001,Pago
TX000365,2026-05-05,FOR0027,APR024,APR023,TI,Licenças de software,12969.63,Transferência,CTR0027,Pago
TX000366,2026-01-05,FOR0032,APR009,APR003,TI,Serviços de TI,461549.03,Cartão corporativo,CTR0032,Pago
TX000367,2026-01-12,FOR0009,APR017,APR016,Operações,Brindes e hospitalidade,5619.12,Cartão corporativo,CTR0009,Pago
TX000368,2026-04-03,FOR0024,APR001,APR012,RH,Materiais e suprimentos,40540.48,Cartão corporativo,CTR0024,Pago
TX000369,2026-04-13,FOR0019,APR008,APR013,Facilities,Utilidades,582972.14,Cartão corporativo,CTR0019,Estornado
TX000370,2026-03-18,FOR0008,APR024,APR015,Operações,Utilidades,7963.29,Boleto,CTR0008,Pago
TX000371,2025-07-08,FOR0018,APR005,APR021,Operações,Licenças de software,1265.49,Pix,,Pendente
TX000372,2026-05-04,FOR0040,APR001,APR014,RH,Marketing e eventos,1891.4,Boleto,CTR0040,Pago
TX000373,2026-03-02,FOR0016,APR013,APR020,Compras,Brindes e hospitalidade,677.6,Boleto,CTR0016,Pago
TX000374,2025-09-22,FOR0017,APR004,APR002,Jurídico,Frete e logística,9094.19,Pix,,Estornado
TX000375,2026-05-04,FOR0012,APR013,APR023,TI,Materiais e suprimentos,7618.96,Transferência,CTR0012,Pago
TX000376,2025-07-14,FOR0036,APR025,APR017,Marketing,Materiais e suprimentos,2411.49,Transferência,CTR0036,Pago
TX000377,2026-06-11,FOR0014,APR002,APR007,TI,Marketing e eventos,20010.8,Pix,CTR0014,Pago
TX000378,2026-02-10,FOR0036,APR007,APR003,TI,Licenças de software,329932.2,Boleto,CTR0036,Pago
TX000379,2026-05-13,FOR0007,APR016,APR015,Operações,Manutenção predial,1311.9,Pix,,Pago
TX000380,2025-09-08,FOR0009,APR022,APR024,TI,Viagens corporativas,259556.64,Transferência,CTR0009,Pago
TX000381,2025-11-01,FOR0022,APR021,APR014,RH,Manutenção predial,12407.78,Pix,CTR0022,Pago
TX000382,2026-04-26,FOR0023,APR021,APR018,Compras,Treinamento,4283.65,Cartão corporativo,CTR0023,Pendente
TX000383,2025-07-09,FOR0010,APR020,APR020,Compras,,399450.29,Cartão corporativo,,Pendente
TX000384,2026-04-13,FOR0020,APR021,APR011,Operações,Manutenção predial,5699.81,Pix,CTR0020,Pago
TX000385,2026-01-27,FOR0005,APR024,APR024,TI,Consultoria,72209.08,Pix,,Pago
TX000386,2026-04-13,FOR0036,APR004,APR005,Facilities,Viagens corporativas,32312.33,Transferência,CTR0036,Pago
TX000387,2026-05-08,FOR0039,APR020,APR016,Operações,Marketing e eventos,7830.18,Pix,CTR0039,Pago
TX000388,2025-07-07,FOR0039,APR004,APR017,Marketing,Treinamento,2814.39,Boleto,CTR0039,Pendente
TX000389,2025-07-28,FOR0015,APR009,APR020,Compras,Utilidades,119311.3,Cartão corporativo,CTR0015,Pago
TX000390,2025-12-15,FOR0007,APR011,APR025,Logística,Treinamento,2310.28,Pix,,Pago
TX000391,2025-07-21,FOR0030,APR025,APR002,Jurídico,Licenças de software,4362.23,Cartão corporativo,CTR0030,Pago
TX000392,2026-01-01,FOR0032,APR011,APR018,Compras,Consultoria,12664.92,Pix,CTR0032,Pendente
TX000393,2025-12-30,FOR0038,APR009,APR006,Marketing,Consultoria,13217.38,Boleto,,Estornado
TX000394,2026-03-06,FOR0039,APR016,APR017,Marketing,,1033.44,Pix,CTR0039,Pago
TX000395,2025-10-06,FOR0015,APR005,APR024,TI,Serviços de TI,172844.29,Transferência,CTR0015,Pago
TX000396,2025-11-29,FOR0028,APR023,APR001,TI,Consultoria,3076.29,Boleto,CTR0028,Pago
TX000397,2026-03-14,FOR0025,APR019,APR011,Operações,Brindes e hospitalidade,1660.86,Cartão corporativo,CTR0025,Pago
TX000398,2025-07-18,FOR0036,APR016,APR009,Compras,Manutenção predial,19392.31,Transferência,CTR0036,Pago
TX000399,2026-05-04,FOR0019,APR016,APR004,Logística,Treinamento,5865.24,Boleto,CTR0019,Pago
TX000400,2026-06-08,FOR0005,APR010,APR023,TI,Brindes e hospitalidade,722.71,Pix,,Pago
TX000401,2026-02-10,FOR0028,APR012,APR008,TI,Consultoria,32482.66,Transferência,CTR0028,Pago
TX000402,2025-08-18,FOR0017,APR024,APR012,RH,Treinamento,23857.73,Cartão corporativo,,Pago
TX000403,2025-10-07,FOR0012,APR018,APR018,Compras,Licenças de software,4541.37,Pix,CTR0012,Pago
TX000404,2025-08-20,FOR0012,APR016,APR019,Compras,Utilidades,119987.59,Transferência,CTR0012,Pago
TX000405,2026-05-19,FOR0005,APR017,APR015,Operações,Utilidades,7142.09,Boleto,,Pago
TX000406,2026-02-06,FOR0001,APR020,APR019,Compras,Utilidades,91016.05,Cartão corporativo,CTR0001,Pago
TX000407,2025-06-27,FOR0017,APR020,APR010,Logística,Viagens corporativas,843606.12,Boleto,,Pago
TX000408,2025-07-08,FOR0036,APR011,APR010,Logística,Materiais e suprimentos,758677.96,Pix,CTR0036,Pago
TX000409,2025-12-24,FOR0019,APR013,APR021,Operações,Frete e logística,4473.84,Boleto,CTR0019,Pago
TX000410,2026-06-15,FOR0001,APR016,APR005,Facilities,Brindes e hospitalidade,1772.38,Boleto,CTR0001,Pago
TX000411,2025-10-22,FOR0022,APR025,APR015,Operações,Frete e logística,5641.16,Cartão corporativo,CTR0022,Pago
TX000412,2026-03-19,FOR0033,APR025,APR002,Jurídico,Treinamento,6414.48,Cartão corporativo,CTR0033,Estornado
TX000413,2025-12-01,FOR0028,APR020,APR015,Operações,Brindes e hospitalidade,709.35,Transferência,CTR0028,Pendente
TX000414,2025-07-11,FOR0031,APR006,APR016,Operações,Viagens corporativas,8999.84,Cartão corporativo,,Pago
TX000415,2026-05-09,FOR0030,APR025,APR024,TI,Manutenção predial,122137.58,Boleto,CTR0030,Pago
TX000416,2025-08-19,FOR0007,APR017,APR017,Marketing,Treinamento,7920.73,Boleto,,Pendente
TX000417,2025-08-05,FOR0017,APR011,APR022,Facilities,Frete e logística,36971.74,Boleto,,Pago
TX000418,2025-11-05,FOR0019,APR016,APR016,Operações,Brindes e hospitalidade,854.49,Boleto,CTR0019,Pago
TX000419,2025-09-05,FOR0034,APR009,APR015,Operações,Licenças de software,6351.59,Cartão corporativo,CTR0034,Pago
TX000420,2026-05-01,FOR0024,APR014,APR015,Operações,Materiais e suprimentos,18203.75,Cartão corporativo,CTR0024,Pendente
TX000421,2026-06-04,FOR0030,APR012,APR009,Compras,Brindes e hospitalidade,621.63,Transferência,CTR0030,Pago
TX000422,2025-11-17,FOR0001,APR008,APR022,Facilities,,60033.28,Transferência,CTR0001,Pago
TX000423,2025-08-28,FOR0040,APR021,APR002,Jurídico,Treinamento,6572.68,Boleto,CTR0040,Pago
TX000424,2026-06-12,FOR0022,APR015,APR004,Logística,Serviços de TI,8504.26,Cartão corporativo,CTR0022,Pago
TX000425,2025-09-22,FOR0036,APR010,APR009,Compras,Viagens corporativas,740.53,Boleto,CTR0036,Pago
TX000426,2025-11-02,FOR0006,APR024,APR020,Compras,Viagens corporativas,119800.87,Cartão corporativo,CTR0006,Pago
TX000427,2025-12-08,FOR0007,APR023,APR025,Logística,Materiais e suprimentos,30907.26,Pix,,Pago
TX000428,2025-08-25,FOR0038,APR017,APR016,Operações,Serviços de TI,229.77,Cartão corporativo,,Estornado
TX000429,2026-02-13,FOR0030,APR003,APR011,Operações,Utilidades,18252.08,Boleto,CTR0030,Pago
TX000430,2026-05-12,FOR0035,APR003,APR006,Marketing,Viagens corporativas,29377.77,Transferência,,Pago
TX000431,2026-02-09,FOR0036,APR019,APR007,TI,Viagens corporativas,91690.02,Cartão corporativo,CTR0036,Pago
TX000432,2025-09-08,FOR0019,APR019,APR002,Jurídico,Utilidades,4325.33,Transferência,CTR0019,Pago
TX000433,2026-05-16,FOR0001,APR007,APR002,Jurídico,Treinamento,20668.8,Transferência,CTR0001,Pago
TX000434,2025-10-06,FOR0005,APR003,APR015,Operações,Serviços de TI,19127.17,Pix,,Pendente
TX000435,2025-11-10,FOR0016,APR004,APR011,Operações,Frete e logística,5537.77,Cartão corporativo,CTR0016,Pago
TX000436,2025-07-01,FOR0027,APR006,APR018,Compras,,22786.82,Transferência,CTR0027,Pago
TX000437,2025-10-06,FOR0027,APR005,APR006,Marketing,Viagens corporativas,36650.83,Pix,CTR0027,Pago
TX000438,2025-11-24,FOR0033,APR022,APR014,RH,,4698.99,Boleto,CTR0033,Pago
TX000439,2025-11-15,FOR0016,APR008,APR007,TI,Licenças de software,21889.72,Boleto,CTR0016,Pago
TX000440,2026-02-02,FOR0026,APR007,APR022,Facilities,Utilidades,3431.24,Pix,,Pago
TX000441,2025-10-21,FOR0016,APR004,APR002,Jurídico,Manutenção predial,461.59,Cartão corporativo,CTR0016,Pago
TX000442,2026-01-01,FOR0015,APR007,APR014,RH,Serviços de TI,1082.58,Pix,CTR0015,Pago
TX000443,2025-11-10,FOR0028,APR013,APR002,Jurídico,Viagens corporativas,4319.66,Transferência,CTR0028,Pago
TX000444,2026-05-15,FOR0036,APR006,APR009,Compras,Manutenção predial,2178.68,Boleto,CTR0036,Pendente
TX000445,2025-10-14,FOR0011,APR020,APR003,TI,Brindes e hospitalidade,306.92,Boleto,CTR0011,Pago
TX000446,2026-03-23,FOR0002,APR019,APR019,Compras,,35587.29,Transferência,CTR0002,Pendente
TX000447,2025-10-23,FOR0036,APR010,APR015,Operações,,8749.41,Pix,CTR0036,Pago
TX000448,2026-01-16,FOR0027,APR024,APR022,Facilities,Materiais e suprimentos,21869.23,Pix,CTR0027,Pendente
TX000449,2026-05-04,FOR0005,APR024,APR023,TI,Consultoria,2869.31,Transferência,,Pendente
TX000450,2026-05-09,FOR0002,APR015,APR020,Compras,Utilidades,13281.26,Transferência,CTR0002,Pago
TX000451,2025-10-08,FOR0015,APR024,APR018,Compras,Serviços de TI,6836.42,Cartão corporativo,CTR0015,Pago
TX000452,2026-02-18,FOR0020,APR004,APR012,RH,Serviços de TI,21358.48,Cartão corporativo,CTR0020,Pago
TX000453,2025-09-22,FOR0037,APR013,APR015,Operações,Serviços de TI,8155.81,Transferência,,Estornado
TX000454,2026-03-27,FOR0023,APR023,APR006,Marketing,Frete e logística,29227.43,Pix,CTR0023,Pago
TX000455,2025-12-15,FOR0011,APR020,APR015,Operações,Frete e logística,4876.58,Pix,CTR0011,Pendente
TX000456,2025-10-17,FOR0025,APR009,APR019,Compras,Marketing e eventos,41422.69,Transferência,CTR0025,Estornado
TX000457,2026-06-12,FOR0009,APR024,APR005,Facilities,Manutenção predial,13836.1,Boleto,CTR0009,Pendente
TX000458,2025-09-08,FOR0036,APR013,APR008,TI,Brindes e hospitalidade,111.91,Boleto,CTR0036,Pago
TX000459,2026-03-30,FOR0021,APR025,APR018,Compras,Manutenção predial,8550.3,Cartão corporativo,,Pago
TX000460,2025-12-15,FOR0038,APR015,APR016,Operações,Treinamento,7396.19,Transferência,,Pago
TX000461,2026-05-18,FOR0001,APR005,APR005,Facilities,Frete e logística,5161.65,Cartão corporativo,CTR0001,Pago
TX000462,2026-03-02,FOR0036,APR008,APR007,TI,Utilidades,4931.96,Transferência,CTR0036,Pago
TX000463,2026-04-11,FOR0020,APR015,APR022,Facilities,Consultoria,77506.72,Pix,CTR0020,Pago
TX000464,2025-08-06,FOR0017,APR020,APR024,TI,Viagens corporativas,78554.88,Cartão corporativo,,Pago
TX000465,2026-06-22,FOR0019,APR016,APR003,TI,Viagens corporativas,53199.19,Boleto,CTR0019,Pendente
TX000466,2026-02-16,FOR0023,APR019,APR006,Marketing,,38556.33,Boleto,CTR0023,Pendente
TX000467,2026-05-19,FOR0030,APR024,APR009,Compras,Utilidades,2789.2,Cartão corporativo,CTR0030,Pago
TX000468,2025-12-31,FOR0034,APR004,APR016,Operações,Brindes e hospitalidade,517.96,Cartão corporativo,CTR0034,Pago
TX000469,2025-12-27,FOR0022,APR022,APR006,Marketing,Manutenção predial,3379.97,Transferência,CTR0022,Pago
TX000470,2025-11-24,FOR0036,APR023,APR017,Marketing,Manutenção predial,8051.99,Cartão corporativo,CTR0036,Pago
TX000471,2025-09-14,FOR0008,APR012,APR004,Logística,,3557.13,Boleto,CTR0008,Pago
TX000472,2026-01-22,FOR0033,APR004,APR007,TI,Licenças de software,33064.62,Boleto,CTR0033,Pago
TX000473,2025-08-22,FOR0016,APR002,APR001,TI,Brindes e hospitalidade,394.68,Boleto,CTR0016,Pendente
TX000474,2026-02-25,FOR0008,APR023,APR023,TI,Viagens corporativas,7256.27,Transferência,CTR0008,Pago
TX000475,2025-08-11,FOR0002,APR002,APR002,Jurídico,Marketing e eventos,14873.86,Boleto,CTR0002,Pendente
TX000476,2025-12-18,FOR0016,APR020,APR019,Compras,,106599.36,Boleto,CTR0016,Pendente
TX000477,2025-06-25,FOR0027,APR019,APR017,Marketing,Licenças de software,1923.93,Boleto,CTR0027,Pago
TX000478,2025-10-17,FOR0033,APR018,APR017,Marketing,Brindes e hospitalidade,982.8,Cartão corporativo,CTR0033,Pago
TX000479,2026-01-06,FOR0023,APR005,APR004,Logística,Marketing e eventos,565.48,Cartão corporativo,CTR0023,Pago
TX000480,2026-06-05,FOR0025,APR016,APR022,Facilities,Viagens corporativas,4132.41,Pix,CTR0025,Pago
TX000481,2025-08-14,FOR0036,APR019,APR022,Facilities,Utilidades,62894.15,Boleto,CTR0036,Pendente
TX000482,2026-04-16,FOR0011,APR010,APR003,TI,Viagens corporativas,453051.65,Pix,CTR0011,Pago
TX000483,2026-03-02,FOR0019,APR009,APR012,RH,Licenças de software,35559.98,Boleto,CTR0019,Pago
TX000484,2026-05-09,FOR0001,APR021,APR001,TI,Brindes e hospitalidade,4428.1,Pix,CTR0001,Pago
TX000485,2026-01-29,FOR0023,APR002,APR015,Operações,Licenças de software,7937.05,Pix,CTR0023,Pago
TX000486,2025-09-15,FOR0002,APR024,APR011,Operações,,7943.25,Pix,CTR0002,Pago
TX000487,2026-03-14,FOR0023,APR006,APR016,Operações,Utilidades,4428.37,Pix,CTR0023,Pago
TX000488,2026-04-18,FOR0014,APR025,APR020,Compras,Materiais e suprimentos,27075.65,Cartão corporativo,CTR0014,Pendente
TX000489,2025-12-01,FOR0007,APR022,APR013,Facilities,Viagens corporativas,615116.01,Transferência,,Pendente
TX000490,2026-03-13,FOR0016,APR020,APR010,Logística,,434818.45,Pix,CTR0016,Pago
TX000491,2026-06-03,FOR0007,APR024,APR019,Compras,Viagens corporativas,5397.66,Cartão corporativo,,Pago
TX000492,2025-10-10,FOR0020,APR019,APR006,Marketing,Utilidades,36421.73,Pix,CTR0020,Pago
TX000493,2026-02-23,FOR0037,APR018,APR008,TI,Serviços de TI,13301.42,Transferência,,Pago
TX000494,2026-02-10,FOR0014,APR017,APR021,Operações,Licenças de software,3928.83,Transferência,CTR0014,Pago
TX000495,2026-03-23,FOR0031,APR022,APR021,Operações,Utilidades,6879.87,Pix,,Pendente
TX000496,2026-01-19,FOR0011,APR014,APR019,Compras,Manutenção predial,34589.51,Transferência,CTR0011,Pendente
TX000497,2025-09-08,FOR0040,APR004,APR021,Operações,Manutenção predial,5611.09,Cartão corporativo,CTR0040,Pago
TX000498,2025-11-12,FOR0021,APR015,APR015,Operações,Materiais e suprimentos,2654.41,Transferência,,Pago
TX000499,2026-06-01,FOR0003,APR012,APR024,TI,Marketing e eventos,166103.48,Boleto,CTR0003,Pago
TX000500,2025-10-22,FOR0016,APR003,APR008,TI,Treinamento,42920.0,Cartão corporativo,CTR0016,Pago
TX000501,2025-11-10,FOR0039,APR007,APR011,Operações,Frete e logística,2162.08,Transferência,CTR0039,Pago
TX000502,2025-12-25,FOR0006,APR005,APR016,Operações,Viagens corporativas,2417.12,Cartão corporativo,CTR0006,Pago
TX000503,2025-10-23,FOR0004,APR023,APR001,TI,Utilidades,3460.26,Cartão corporativo,,Pago
TX000504,2025-11-29,FOR0016,APR009,APR022,Facilities,Viagens corporativas,122154.23,Boleto,CTR0016,Pendente
TX000505,2026-02-19,FOR0026,APR017,APR010,Logística,Utilidades,50493.51,Cartão corporativo,,Pendente
TX000506,2025-12-08,FOR0005,APR018,APR023,TI,Marketing e eventos,3366.71,Transferência,,Pago
TX000507,2025-08-18,FOR0039,APR003,APR021,Operações,Materiais e suprimentos,5854.67,Boleto,CTR0039,Pago
TX000508,2025-10-04,FOR0018,APR010,APR020,Compras,Manutenção predial,127744.04,Pix,,Pago
TX000509,2025-08-07,FOR0010,APR008,APR013,Facilities,,1859868.48,Boleto,,Pago
TX000510,2026-03-19,FOR0013,APR002,APR002,Jurídico,Consultoria,5305.19,Pix,CTR0013,Pendente
TX000511,2026-04-27,FOR0011,APR007,APR022,Facilities,Marketing e eventos,23237.57,Boleto,CTR0011,Pendente
TX000512,2026-06-08,FOR0004,APR020,APR014,RH,Marketing e eventos,4258.79,Pix,,Pago
TX000513,2026-04-04,FOR0021,APR004,APR005,Facilities,Viagens corporativas,34124.68,Boleto,,Pago
TX000514,2026-03-09,FOR0035,APR016,APR016,Operações,Treinamento,7488.68,Pix,,Pago
TX000515,2026-02-17,FOR0029,APR011,APR022,Facilities,,8643.99,Pix,,Pago
TX000516,2026-05-04,FOR0008,APR010,APR005,Facilities,Marketing e eventos,42680.67,Cartão corporativo,CTR0008,Pendente
TX000517,2025-07-21,FOR0023,APR016,APR014,RH,Manutenção predial,8505.68,Boleto,CTR0023,Pago
TX000518,2025-09-08,FOR0022,APR025,APR002,Jurídico,Brindes e hospitalidade,526.38,Cartão corporativo,CTR0022,Pago
TX000519,2026-04-13,FOR0040,APR018,APR006,Marketing,Utilidades,27259.63,Boleto,CTR0040,Pendente
TX000520,2025-08-18,FOR0015,APR019,APR025,Logística,,31628.77,Transferência,CTR0015,Pago
TX000521,2026-05-07,FOR0022,APR022,APR015,Operações,Marketing e eventos,252.25,Boleto,CTR0022,Pago
TX000522,2026-01-13,FOR0017,APR003,APR007,TI,Materiais e suprimentos,25622.03,Pix,,Pago
TX000523,2025-11-24,FOR0003,APR005,APR003,TI,Viagens corporativas,139460.54,Cartão corporativo,CTR0003,Pago
TX000524,2026-04-07,FOR0006,APR009,APR022,Facilities,Licenças de software,21044.91,Pix,CTR0006,Pago
TX000525,2025-09-10,FOR0020,APR023,APR012,RH,Licenças de software,21858.62,Transferência,CTR0020,Pago
TX000526,2026-03-17,FOR0039,APR008,APR010,Logística,Manutenção predial,635882.54,Transferência,CTR0039,Pago
TX000527,2025-08-04,FOR0020,APR020,APR002,Jurídico,Utilidades,7515.42,Pix,CTR0020,Pago
TX000528,2026-05-08,FOR0004,APR016,APR006,Marketing,Marketing e eventos,33584.26,Boleto,,Pago
TX000529,2025-08-23,FOR0028,APR007,APR007,TI,Utilidades,91242.26,Pix,CTR0028,Pago
TX000530,2026-01-12,FOR0034,APR022,APR023,TI,Brindes e hospitalidade,715.41,Boleto,CTR0034,Pago
TX000531,2026-05-11,FOR0037,APR015,APR001,TI,Materiais e suprimentos,30188.04,Transferência,,Pago
TX000532,2026-02-21,FOR0020,APR017,APR010,Logística,,157180.02,Boleto,CTR0020,Pago
TX000533,2026-03-03,FOR0021,APR015,APR007,TI,Materiais e suprimentos,113953.14,Cartão corporativo,,Pago
TX000534,2026-03-21,FOR0027,APR003,APR002,Jurídico,Utilidades,8008.71,Transferência,CTR0027,Pago
TX000535,2025-09-15,FOR0023,APR001,APR009,Compras,Treinamento,3320.88,Cartão corporativo,CTR0023,Pago
TX000536,2026-06-22,FOR0032,APR010,APR015,Operações,Treinamento,6636.79,Cartão corporativo,CTR0032,Pago
TX000537,2026-03-01,FOR0031,APR021,APR016,Operações,Serviços de TI,1361.87,Pix,,Pago
TX000538,2025-07-09,FOR0001,APR018,APR010,Logística,Marketing e eventos,162744.92,Transferência,CTR0001,Pago
TX000539,2025-11-06,FOR0023,APR018,APR020,Compras,Consultoria,142487.3,Transferência,CTR0023,Pendente
TX000540,2026-04-11,FOR0010,APR004,APR023,TI,Serviços de TI,7234.87,Transferência,,Pago
TX000541,2025-12-11,FOR0014,APR013,APR007,TI,Licenças de software,40172.17,Boleto,CTR0014,Pago
TX000542,2026-05-11,FOR0001,APR012,APR015,Operações,Brindes e hospitalidade,2924.94,Pix,CTR0001,Pago
TX000543,2025-12-25,FOR0036,APR023,APR008,TI,Viagens corporativas,43832.82,Transferência,CTR0036,Pago
TX000544,2025-07-11,FOR0005,APR023,APR023,TI,Viagens corporativas,1678.92,Transferência,,Pago
TX000545,2025-12-01,FOR0029,APR010,APR021,Operações,Viagens corporativas,6327.84,Cartão corporativo,,Pago
TX000546,2026-06-15,FOR0019,APR015,APR017,Marketing,Frete e logística,5819.24,Pix,CTR0019,Pendente
TX000547,2025-11-17,FOR0002,APR018,APR025,Logística,Viagens corporativas,34302.35,Cartão corporativo,CTR0002,Pago
TX000548,2026-01-26,FOR0001,APR010,APR017,Marketing,,5532.53,Transferência,CTR0001,Pago
TX000549,2025-06-25,FOR0006,APR025,APR012,RH,,6613.74,Boleto,CTR0006,Estornado
TX000550,2025-12-08,FOR0040,APR004,APR012,RH,Utilidades,79880.77,Cartão corporativo,CTR0040,Pago
TX000551,2026-02-07,FOR0010,APR007,APR015,Operações,Serviços de TI,16660.86,Pix,,Pago
TX000552,2026-01-22,FOR0013,APR016,APR019,Compras,Utilidades,20803.6,Boleto,CTR0013,Pago
TX000553,2025-09-11,FOR0033,APR025,APR016,Operações,Licenças de software,13583.32,Transferência,CTR0033,Pago
TX000554,2025-11-25,FOR0016,APR012,APR020,Compras,Materiais e suprimentos,25193.6,Boleto,CTR0016,Pago
TX000555,2026-03-30,FOR0014,APR005,APR005,Facilities,Frete e logística,34284.71,Pix,CTR0014,Pendente
TX000556,2026-06-01,FOR0015,APR015,APR016,Operações,Brindes e hospitalidade,1778.76,Cartão corporativo,CTR0015,Pendente
TX000557,2025-11-12,FOR0020,APR016,APR003,TI,Viagens corporativas,12247.55,Transferência,CTR0020,Pendente
TX000558,2026-04-14,FOR0014,APR018,APR019,Compras,Serviços de TI,4831.84,Boleto,CTR0014,Estornado
TX000559,2026-06-19,FOR0005,APR008,APR025,Logística,Licenças de software,1853.81,Transferência,,Pago
TX000560,2026-03-20,FOR0002,APR018,APR018,Compras,Materiais e suprimentos,1824.57,Transferência,CTR0002,Pago
TX000561,2026-05-04,FOR0009,APR002,APR004,Logística,Serviços de TI,8769.48,Transferência,CTR0009,Pago
TX000562,2025-10-23,FOR0020,APR007,APR010,Logística,Marketing e eventos,764967.26,Pix,CTR0020,Pago
TX000563,2026-05-13,FOR0006,APR014,APR017,Marketing,Consultoria,3863.69,Cartão corporativo,CTR0006,Pendente
TX000564,2026-05-14,FOR0012,APR003,APR018,Compras,Utilidades,2941.52,Boleto,CTR0012,Pendente
TX000565,2026-02-16,FOR0012,APR012,APR012,RH,Viagens corporativas,25981.85,Boleto,CTR0012,Pago
TX000566,2025-10-09,FOR0010,APR022,APR001,TI,Marketing e eventos,18106.91,Transferência,,Pago
TX000567,2025-10-08,FOR0014,APR015,APR006,Marketing,Serviços de TI,33628.32,Cartão corporativo,CTR0014,Estornado
TX000568,2026-04-27,FOR0036,APR015,APR022,Facilities,Marketing e eventos,45235.99,Boleto,CTR0036,Pendente
TX000569,2026-01-12,FOR0001,APR016,APR021,Operações,Utilidades,5202.12,Transferência,CTR0001,Pendente
TX000570,2025-09-22,FOR0010,APR013,APR018,Compras,Consultoria,3587.39,Transferência,,Pendente
TX000571,2025-12-23,FOR0026,APR024,APR004,Logística,,7025.79,Cartão corporativo,,Pendente
TX000572,2025-10-01,FOR0018,APR001,APR023,TI,,6536.43,Transferência,,Pago
TX000573,2025-08-27,FOR0025,APR020,APR009,Compras,Treinamento,5626.75,Boleto,CTR0025,Pago
TX000574,2026-04-06,FOR0032,APR023,APR017,Marketing,,6299.61,Pix,CTR0032,Pago
TX000575,2026-03-16,FOR0015,APR012,APR021,Operações,Viagens corporativas,6321.56,Boleto,CTR0015,Pendente
TX000576,2025-10-16,FOR0022,APR001,APR002,Jurídico,Viagens corporativas,936.28,Transferência,CTR0022,Pago
TX000577,2026-05-11,FOR0003,APR008,APR008,TI,Serviços de TI,83816.3,Boleto,CTR0003,Pendente
TX000578,2026-02-02,FOR0004,APR021,APR004,Logística,Licenças de software,8691.93,Transferência,,Pago
TX000579,2025-11-24,FOR0021,APR002,APR003,TI,Serviços de TI,15160.4,Transferência,,Pago
TX000580,2026-05-26,FOR0001,APR020,APR022,Facilities,Viagens corporativas,28778.59,Pix,CTR0001,Pago
TX000581,2025-08-17,FOR0015,APR007,APR014,RH,Utilidades,4286.69,Transferência,CTR0015,Pago
TX000582,2025-09-26,FOR0027,APR015,APR019,Compras,Licenças de software,19945.32,Transferência,CTR0027,Pendente
TX000583,2025-11-28,FOR0030,APR017,APR005,Facilities,Marketing e eventos,25351.47,Transferência,CTR0030,Pago
TX000584,2026-05-18,FOR0002,APR007,APR017,Marketing,Licenças de software,3998.55,Cartão corporativo,CTR0002,Pendente
TX000585,2026-01-23,FOR0022,APR011,APR007,TI,Consultoria,26474.36,Transferência,CTR0022,Pago
TX000586,2026-01-01,FOR0012,APR025,APR016,Operações,Brindes e hospitalidade,956.38,Transferência,CTR0012,Pago
TX000587,2025-12-27,FOR0007,APR020,APR012,RH,,73566.78,Boleto,,Pago
TX000588,2025-08-16,FOR0037,APR009,APR010,Logística,Licenças de software,196388.8,Pix,,Pago
TX000589,2026-05-08,FOR0011,APR017,APR021,Operações,Frete e logística,3551.15,Transferência,CTR0011,Pendente
TX000590,2026-05-14,FOR0016,APR015,APR004,Logística,Frete e logística,6449.19,Boleto,CTR0016,Pago
TX000591,2025-10-08,FOR0012,APR016,APR018,Compras,Marketing e eventos,7863.52,Transferência,CTR0012,Pendente
TX000592,2026-03-19,FOR0030,APR013,APR006,Marketing,Consultoria,21892.03,Pix,CTR0030,Pago
TX000593,2026-01-12,FOR0039,APR008,APR016,Operações,Materiais e suprimentos,8253.96,Pix,CTR0039,Pago
TX000594,2026-04-18,FOR0017,APR008,APR019,Compras,Manutenção predial,14277.16,Cartão corporativo,,Pago
TX000595,2026-05-23,FOR0016,APR009,APR014,RH,Consultoria,422.46,Cartão corporativo,CTR0016,Pendente
TX000596,2025-10-03,FOR0039,APR017,APR017,Marketing,Frete e logística,11534.56,Cartão corporativo,CTR0039,Pago
TX000597,2026-03-30,FOR0013,APR025,APR010,Logística,Treinamento,918564.59,Cartão corporativo,CTR0013,Pago
TX000598,2026-01-12,FOR0021,APR005,APR010,Logística,Treinamento,30701.65,Boleto,,Pago
TX000599,2025-10-08,FOR0025,APR014,APR016,Operações,Brindes e hospitalidade,474.49,Transferência,CTR0025,Pendente
TX000600,2026-01-23,FOR0016,APR008,APR012,RH,Materiais e suprimentos,30648.17,Cartão corporativo,CTR0016,Pago
TX000601,2025-08-03,FOR0015,APR019,APR022,Facilities,Materiais e suprimentos,48748.75,Transferência,CTR0015,Pago
TX000602,2025-08-05,FOR0015,APR005,APR022,Facilities,Materiais e suprimentos,46537.92,Transferência,CTR0015,Pago
TX000603,2025-08-07,FOR0015,APR011,APR022,Facilities,Materiais e suprimentos,47988.67,Transferência,CTR0015,Pago
TX000604,2025-08-09,FOR0015,APR020,APR022,Facilities,Materiais e suprimentos,49198.13,Transferência,CTR0015,Pago
TX000605,2025-11-04,FOR0027,APR014,APR013,Facilities,Serviços de TI,24662.93,Boleto,CTR0027,Pago
TX000606,2025-11-06,FOR0027,APR003,APR013,Facilities,Serviços de TI,24662.93,Boleto,CTR0027,Pago
